Fishing_id,Location,Year,season,Gillnet_category,Net.mesh.gr,Net_length_Or,Soak_time_Or,Catch_g
1,Middle,2014,spring,capron,small,1,1,0
1,Middle,2014,spring,capron,small,1,1,0
1,Middle,2014,spring,capron,small,1,1,96
1,Middle,2014,spring,capron,small,1,1,0
1,Middle,2014,spring,capron,small,1,1,0
1,Middle,2014,spring,capron,small,1,1,0
1,Middle,2014,spring,capron,small,2,1,0
1,Middle,2014,spring,nylon,big,2,1,0
1,Middle,2014,spring,nylon,big,2,1,0
1,Middle,2014,spring,nylon,big,2,1,0
1,Middle,2014,spring,nylon,big,2,1,0
111,Middle,2014,spring,capron,small,1,1,0
111,Middle,2014,spring,capron,small,1,1,0
111,Middle,2014,spring,capron,small,1,1,0
111,Middle,2014,spring,capron,small,1,1,0
111,Middle,2014,spring,capron,small,1,1,0
111,Middle,2014,spring,capron,small,2,1,0
111,Middle,2014,spring,nylon,big,2,1,0
111,Middle,2014,spring,capron,big,2,1,0
111,Middle,2014,spring,nylon,big,2,1,0
111,Middle,2014,spring,capron,big,2,1,0
111,Middle,2014,spring,nylon,big,2,1,0
111,Middle,2014,spring,capron,big,2,1,0
111,Middle,2014,spring,capron,big,2,1,0
111,Middle,2014,spring,nylon,big,2,1,0
179,Upstream,2014,spring,nylon,big,2,1,0
179,Upstream,2014,spring,nylon,big,2,1,0
179,Upstream,2014,spring,nylon,big,2,1,0
179,Upstream,2014,spring,nylon,big,2,1,0
263,Upstream,2014,spring,capron,small,1,3,0
263,Upstream,2014,spring,capron,small,1,3,0
263,Upstream,2014,spring,capron,small,1,3,50
263,Upstream,2014,spring,capron,small,1,3,94
263,Upstream,2014,spring,capron,small,1,3,0
263,Upstream,2014,spring,capron,small,1,3,0
263,Upstream,2014,spring,capron,small,2,3,0
263,Upstream,2014,spring,nylon,big,2,3,0
263,Upstream,2014,spring,capron,big,2,3,687
263,Upstream,2014,spring,nylon,big,2,3,889
263,Upstream,2014,spring,capron,big,2,3,0
263,Upstream,2014,spring,nylon,big,2,3,0
263,Upstream,2014,spring,nylon,big,2,3,0
311,Middle,2014,spring,capron,small,1,1,0
311,Middle,2014,spring,capron,small,1,1,0
311,Middle,2014,spring,capron,small,1,1,0
311,Middle,2014,spring,capron,small,1,1,0
311,Middle,2014,spring,capron,small,2,1,0
311,Middle,2014,spring,nylon,big,2,1,0
311,Middle,2014,spring,capron,big,2,1,0
311,Middle,2014,spring,nylon,big,2,1,0
311,Middle,2014,spring,capron,big,2,1,0
311,Middle,2014,spring,nylon,big,2,1,0
311,Middle,2014,spring,capron,big,2,1,0
311,Middle,2014,spring,capron,big,2,1,0
311,Middle,2014,spring,nylon,big,2,1,0
364,Middle,2014,spring,capron,small,1,1,0
364,Middle,2014,spring,capron,small,1,1,0
364,Middle,2014,spring,capron,small,1,1,0
364,Middle,2014,spring,capron,small,1,1,0
364,Middle,2014,spring,capron,small,1,1,0
364,Middle,2014,spring,capron,small,2,1,0
364,Middle,2014,spring,nylon,big,2,1,0
364,Middle,2014,spring,capron,big,2,1,0
364,Middle,2014,spring,nylon,big,2,1,0
364,Middle,2014,spring,capron,big,2,1,573
364,Middle,2014,spring,nylon,big,2,1,0
364,Middle,2014,spring,capron,big,2,1,542
364,Middle,2014,spring,capron,big,2,1,0
364,Middle,2014,spring,nylon,big,2,1,739
375,Middle,2014,spring,nylon,big,2,1,0
375,Middle,2014,spring,nylon,big,2,1,0
375,Middle,2014,spring,nylon,big,2,1,0
375,Middle,2014,spring,nylon,big,2,1,0
386,Upstream,2014,spring,nylon,big,2,1,295
386,Upstream,2014,spring,nylon,big,2,1,0
386,Upstream,2014,spring,nylon,big,2,1,0
386,Upstream,2014,spring,nylon,big,2,1,790
397,Upstream,2014,spring,capron,small,1,3,0
397,Upstream,2014,spring,capron,small,1,3,0
397,Upstream,2014,spring,capron,small,1,3,0
397,Upstream,2014,spring,capron,small,1,3,0
397,Upstream,2014,spring,capron,small,1,3,0
397,Upstream,2014,spring,capron,small,1,3,0
397,Upstream,2014,spring,capron,small,2,3,0
397,Upstream,2014,spring,nylon,big,2,3,0
397,Upstream,2014,spring,capron,big,2,3,0
397,Upstream,2014,spring,nylon,big,2,3,1994
397,Upstream,2014,spring,capron,big,2,3,0
397,Upstream,2014,spring,capron,big,2,3,0
397,Upstream,2014,spring,capron,big,2,3,0
397,Upstream,2014,spring,nylon,big,2,3,0
2,Upstream,2014,spring,capron,small,1,1,0
2,Upstream,2014,spring,capron,small,1,1,0
2,Upstream,2014,spring,capron,small,1,1,0
2,Upstream,2014,spring,capron,small,1,1,0
2,Upstream,2014,spring,capron,small,1,1,0
2,Upstream,2014,spring,capron,small,1,1,203
2,Upstream,2014,spring,capron,small,2,1,285
2,Upstream,2014,spring,nylon,big,2,1,0
2,Upstream,2014,spring,capron,big,2,1,0
2,Upstream,2014,spring,nylon,big,2,1,806
2,Upstream,2014,spring,capron,big,2,1,387
2,Upstream,2014,spring,capron,big,2,1,0
2,Upstream,2014,spring,capron,big,2,1,1290
2,Upstream,2014,spring,nylon,big,2,1,845
13,Middle,2014,spring,capron,small,2,1,0
13,Middle,2014,spring,nylon,big,2,1,0
13,Middle,2014,spring,capron,big,2,1,0
13,Middle,2014,spring,nylon,big,2,1,0
13,Middle,2014,spring,capron,big,2,1,0
13,Middle,2014,spring,nylon,big,2,1,0
13,Middle,2014,spring,capron,big,2,1,630
13,Middle,2014,spring,nylon,big,2,1,0
13,Middle,2014,spring,capron,big,2,1,761
13,Middle,2014,spring,nylon,big,2,1,890
23,Middle,2014,spring,capron,small,1,1,0
23,Middle,2014,spring,capron,small,1,1,0
23,Middle,2014,spring,capron,small,1,1,0
23,Middle,2014,spring,capron,small,1,1,0
23,Middle,2014,spring,capron,small,1,1,0
23,Middle,2014,spring,capron,small,1,1,0
23,Middle,2014,spring,capron,small,2,1,0
23,Middle,2014,spring,nylon,big,2,1,1472
23,Middle,2014,spring,capron,big,2,1,0
23,Middle,2014,spring,nylon,big,2,1,565
23,Middle,2014,spring,capron,big,2,1,0
23,Middle,2014,spring,capron,big,2,1,0
23,Middle,2014,spring,capron,big,2,1,0
34,Middle,2014,spring,capron,small,1,1,0
34,Middle,2014,spring,capron,small,1,1,0
34,Middle,2014,spring,capron,small,1,1,0
34,Middle,2014,spring,capron,small,1,1,511
34,Middle,2014,spring,capron,small,1,1,0
34,Middle,2014,spring,capron,small,2,1,0
34,Middle,2014,spring,nylon,big,2,1,0
34,Middle,2014,spring,capron,big,2,1,480
34,Middle,2014,spring,nylon,big,2,1,1614
34,Middle,2014,spring,capron,big,2,1,0
34,Middle,2014,spring,capron,big,2,1,0
34,Middle,2014,spring,capron,big,2,1,0
34,Middle,2014,spring,nylon,big,2,1,4448
45,Upstream,2014,spring,capron,small,1,1,0
45,Upstream,2014,spring,capron,small,1,1,0
45,Upstream,2014,spring,capron,small,1,1,0
45,Upstream,2014,spring,capron,small,1,1,0
45,Upstream,2014,spring,capron,small,1,1,0
45,Upstream,2014,spring,capron,small,1,1,0
45,Upstream,2014,spring,capron,small,2,1,0
45,Upstream,2014,spring,nylon,big,2,1,0
45,Upstream,2014,spring,capron,big,2,1,0
45,Upstream,2014,spring,nylon,big,2,1,0
45,Upstream,2014,spring,capron,big,2,1,1472
45,Upstream,2014,spring,capron,big,2,1,1783
45,Upstream,2014,spring,capron,big,2,1,0
45,Upstream,2014,spring,nylon,big,2,1,1037
56,Upstream,2014,spring,capron,small,1,1,0
56,Upstream,2014,spring,capron,small,1,1,0
56,Upstream,2014,spring,capron,small,1,1,0
56,Upstream,2014,spring,capron,small,1,1,0
56,Upstream,2014,spring,capron,small,1,1,0
56,Upstream,2014,spring,capron,small,1,1,0
56,Upstream,2014,spring,capron,small,2,1,0
56,Upstream,2014,spring,nylon,small,2,1,0
56,Upstream,2014,spring,capron,big,2,1,0
56,Upstream,2014,spring,nylon,big,2,1,0
56,Upstream,2014,spring,capron,big,2,1,0
56,Upstream,2014,spring,nylon,big,2,1,0
56,Upstream,2014,spring,capron,big,2,1,0
56,Upstream,2014,spring,nylon,big,2,1,0
56,Upstream,2014,spring,capron,big,2,1,0
56,Upstream,2014,spring,nylon,big,2,1,0
67,Upstream,2014,summer,capron,small,1,3,0
67,Upstream,2014,summer,capron,small,1,3,0
67,Upstream,2014,summer,capron,small,1,3,0
67,Upstream,2014,summer,capron,small,1,3,0
67,Upstream,2014,summer,capron,small,1,3,93
67,Upstream,2014,summer,capron,small,1,3,0
67,Upstream,2014,summer,capron,small,2,3,0
67,Upstream,2014,summer,nylon,big,2,3,2990
67,Upstream,2014,summer,capron,big,2,3,0
67,Upstream,2014,summer,nylon,big,2,3,5057
67,Upstream,2014,summer,capron,big,2,3,1062
67,Upstream,2014,summer,capron,big,2,3,1192
67,Upstream,2014,summer,capron,big,2,3,0
67,Upstream,2014,summer,nylon,big,2,3,3993
78,Upstream,2014,summer,capron,small,1,1,0
78,Upstream,2014,summer,capron,small,1,1,0
78,Upstream,2014,summer,capron,small,1,1,0
78,Upstream,2014,summer,capron,small,1,1,0
78,Upstream,2014,summer,capron,small,1,1,0
78,Upstream,2014,summer,capron,small,1,1,0
78,Upstream,2014,summer,capron,small,2,1,0
78,Upstream,2014,summer,nylon,big,2,1,1330
78,Upstream,2014,summer,capron,big,2,1,459
78,Upstream,2014,summer,nylon,big,2,1,0
78,Upstream,2014,summer,capron,big,2,1,0
78,Upstream,2014,summer,capron,big,2,1,0
78,Upstream,2014,summer,capron,big,2,1,0
78,Upstream,2014,summer,nylon,big,2,1,862
89,Middle,2014,summer,capron,small,1,1,0
89,Middle,2014,summer,capron,small,1,1,20
89,Middle,2014,summer,capron,small,1,1,0
89,Middle,2014,summer,capron,small,1,1,0
89,Middle,2014,summer,capron,small,1,1,120
89,Middle,2014,summer,capron,small,1,1,538
89,Middle,2014,summer,capron,small,2,1,286
89,Middle,2014,summer,nylon,big,2,1,0
89,Middle,2014,summer,capron,big,2,1,0
89,Middle,2014,summer,nylon,big,2,1,0
89,Middle,2014,summer,capron,big,2,1,0
89,Middle,2014,summer,capron,big,2,1,0
89,Middle,2014,summer,capron,big,2,1,0
89,Middle,2014,summer,nylon,big,2,1,4201
100,Middle,2014,summer,capron,small,1,1,0
100,Middle,2014,summer,capron,small,1,1,0
100,Middle,2014,summer,capron,small,1,1,0
100,Middle,2014,summer,capron,small,1,1,0
100,Middle,2014,summer,capron,small,1,1,0
100,Middle,2014,summer,capron,small,1,1,0
100,Middle,2014,summer,capron,small,2,1,0
100,Middle,2014,summer,nylon,big,2,1,0
100,Middle,2014,summer,capron,big,2,1,655
100,Middle,2014,summer,nylon,big,2,1,0
100,Middle,2014,summer,nylon,big,2,1,0
112,Middle,2014,summer,capron,small,1,1,0
112,Middle,2014,summer,capron,small,1,1,0
112,Middle,2014,summer,capron,small,1,1,0
112,Middle,2014,summer,capron,small,1,1,0
112,Middle,2014,summer,capron,small,1,1,0
112,Middle,2014,summer,capron,small,1,1,0
112,Middle,2014,summer,capron,small,2,1,0
112,Middle,2014,summer,nylon,big,2,1,162
112,Middle,2014,summer,capron,big,2,1,0
112,Middle,2014,summer,nylon,big,2,1,0
112,Middle,2014,summer,capron,big,2,1,0
112,Middle,2014,summer,capron,big,2,1,691
112,Middle,2014,summer,capron,big,2,1,0
112,Middle,2014,summer,nylon,big,2,1,0
118,Upstream,2014,summer,capron,small,1,3,0
118,Upstream,2014,summer,capron,small,1,3,50
118,Upstream,2014,summer,capron,small,1,3,78
118,Upstream,2014,summer,capron,small,1,3,0
118,Upstream,2014,summer,capron,small,1,3,0
118,Upstream,2014,summer,capron,small,1,3,318
118,Upstream,2014,summer,capron,small,2,3,299
118,Upstream,2014,summer,nylon,big,2,3,442
118,Upstream,2014,summer,capron,big,2,3,297
118,Upstream,2014,summer,nylon,big,2,3,0
118,Upstream,2014,summer,capron,big,2,3,0
118,Upstream,2014,summer,capron,big,2,3,567
118,Upstream,2014,summer,capron,big,2,3,1274
118,Upstream,2014,summer,nylon,big,2,3,2500
125,Upstream,2014,summer,capron,small,1,1,0
125,Upstream,2014,summer,capron,small,1,1,0
125,Upstream,2014,summer,capron,small,1,1,0
125,Upstream,2014,summer,capron,small,1,1,0
125,Upstream,2014,summer,capron,small,1,1,0
125,Upstream,2014,summer,capron,small,1,1,0
125,Upstream,2014,summer,capron,small,2,1,0
125,Upstream,2014,summer,nylon,big,2,1,0
125,Upstream,2014,summer,capron,big,2,1,711
125,Upstream,2014,summer,nylon,big,2,1,0
125,Upstream,2014,summer,capron,big,2,1,0
125,Upstream,2014,summer,nylon,big,2,1,0
125,Upstream,2014,summer,capron,big,2,1,0
125,Upstream,2014,summer,capron,big,2,1,0
125,Upstream,2014,summer,nylon,big,2,1,0
132,Upstream,2014,summer,capron,small,1,1,0
132,Upstream,2014,summer,capron,small,1,1,0
132,Upstream,2014,summer,capron,small,1,1,0
132,Upstream,2014,summer,capron,small,1,1,0
132,Upstream,2014,summer,capron,small,1,1,0
132,Upstream,2014,summer,capron,small,1,1,0
132,Upstream,2014,summer,capron,small,2,1,0
132,Upstream,2014,summer,nylon,big,2,1,0
132,Upstream,2014,summer,capron,big,2,1,0
132,Upstream,2014,summer,nylon,big,2,1,130
132,Upstream,2014,summer,capron,big,2,1,0
132,Upstream,2014,summer,nylon,big,2,1,0
132,Upstream,2014,summer,capron,big,2,1,0
132,Upstream,2014,summer,capron,big,2,1,0
132,Upstream,2014,summer,nylon,big,2,1,0
137,Middle,2014,summer,capron,small,1,1,0
137,Middle,2014,summer,capron,small,1,1,14
137,Middle,2014,summer,capron,small,1,1,0
137,Middle,2014,summer,capron,small,1,1,0
137,Middle,2014,summer,capron,small,1,1,0
137,Middle,2014,summer,capron,small,1,1,0
137,Middle,2014,summer,capron,small,2,1,0
137,Middle,2014,summer,nylon,big,2,1,0
137,Middle,2014,summer,capron,big,2,1,0
137,Middle,2014,summer,nylon,big,2,1,0
137,Middle,2014,summer,capron,big,2,1,0
137,Middle,2014,summer,nylon,big,2,1,0
137,Middle,2014,summer,capron,big,2,1,0
137,Middle,2014,summer,capron,big,2,1,0
137,Middle,2014,summer,nylon,big,2,1,0
144,Middle,2014,summer,capron,small,1,1,0
144,Middle,2014,summer,capron,small,1,1,0
144,Middle,2014,summer,capron,small,1,1,0
144,Middle,2014,summer,capron,small,1,1,0
144,Middle,2014,summer,capron,small,1,1,0
144,Middle,2014,summer,capron,small,1,1,0
144,Middle,2014,summer,capron,small,2,1,0
144,Middle,2014,summer,nylon,big,2,1,0
144,Middle,2014,summer,capron,big,2,1,0
144,Middle,2014,summer,nylon,big,2,1,0
144,Middle,2014,summer,capron,big,2,1,0
144,Middle,2014,summer,nylon,big,2,1,0
144,Middle,2014,summer,capron,big,2,1,719
144,Middle,2014,summer,capron,big,2,1,419
144,Middle,2014,summer,nylon,big,2,1,0
150,Middle,2014,summer,capron,small,1,1,0
150,Middle,2014,summer,capron,small,1,1,0
150,Middle,2014,summer,capron,small,1,1,0
150,Middle,2014,summer,capron,small,1,1,0
150,Middle,2014,summer,capron,small,1,1,0
150,Middle,2014,summer,capron,small,1,1,0
150,Middle,2014,summer,capron,small,2,1,1452
150,Middle,2014,summer,capron,big,2,1,2620
150,Middle,2014,summer,nylon,big,2,1,9646
150,Middle,2014,summer,capron,big,2,1,2210
150,Middle,2014,summer,capron,big,2,1,2056
150,Middle,2014,summer,capron,big,2,1,1846
160,Upstream,2014,summer,capron,small,1,1,0
160,Upstream,2014,summer,capron,small,1,1,0
160,Upstream,2014,summer,capron,small,1,1,0
160,Upstream,2014,summer,capron,small,1,1,0
160,Upstream,2014,summer,capron,small,1,1,0
160,Upstream,2014,summer,capron,small,1,1,0
160,Upstream,2014,summer,capron,small,2,1,0
160,Upstream,2014,summer,nylon,big,2,1,0
160,Upstream,2014,summer,capron,big,2,1,0
160,Upstream,2014,summer,nylon,big,2,1,0
160,Upstream,2014,summer,capron,big,2,1,0
160,Upstream,2014,summer,nylon,big,2,1,0
160,Upstream,2014,summer,capron,big,2,1,0
160,Upstream,2014,summer,capron,big,2,1,0
160,Upstream,2014,summer,nylon,big,2,1,0
166,Middle,2014,summer,capron,small,1,3,0
166,Middle,2014,summer,capron,small,1,3,0
166,Middle,2014,summer,capron,small,1,3,0
166,Middle,2014,summer,capron,small,1,3,0
166,Middle,2014,summer,capron,small,1,3,0
166,Middle,2014,summer,capron,small,1,3,0
166,Middle,2014,summer,capron,small,2,3,1228
166,Middle,2014,summer,nylon,big,2,3,894
166,Middle,2014,summer,capron,big,2,3,0
166,Middle,2014,summer,nylon,big,2,3,2770
166,Middle,2014,summer,capron,big,2,3,0
166,Middle,2014,summer,capron,big,2,3,0
166,Middle,2014,summer,capron,big,2,3,612
173,Upstream,2014,summer,capron,small,1,1,0
173,Upstream,2014,summer,capron,small,1,1,0
173,Upstream,2014,summer,capron,small,1,1,0
173,Upstream,2014,summer,capron,small,1,1,0
173,Upstream,2014,summer,capron,small,1,1,0
173,Upstream,2014,summer,capron,small,1,1,0
173,Upstream,2014,summer,capron,small,2,1,0
173,Upstream,2014,summer,nylon,big,2,1,0
173,Upstream,2014,summer,capron,big,2,1,0
173,Upstream,2014,summer,nylon,big,2,1,0
173,Upstream,2014,summer,capron,big,2,1,0
173,Upstream,2014,summer,nylon,big,2,1,0
173,Upstream,2014,summer,capron,big,2,1,0
173,Upstream,2014,summer,capron,big,2,1,0
173,Upstream,2014,summer,nylon,big,2,1,0
180,Upstream,2014,summer,capron,small,1,1,0
180,Upstream,2014,summer,capron,small,1,1,0
180,Upstream,2014,summer,capron,small,1,1,0
180,Upstream,2014,summer,capron,small,1,1,0
180,Upstream,2014,summer,capron,small,1,1,0
180,Upstream,2014,summer,capron,small,1,1,0
180,Upstream,2014,summer,capron,small,2,1,0
180,Upstream,2014,summer,nylon,big,2,1,0
180,Upstream,2014,summer,capron,big,2,1,0
180,Upstream,2014,summer,nylon,big,2,1,0
180,Upstream,2014,summer,capron,big,2,1,0
180,Upstream,2014,summer,nylon,big,2,1,0
180,Upstream,2014,summer,capron,big,2,1,0
180,Upstream,2014,summer,capron,big,2,1,0
189,Upstream,2014,summer,capron,small,1,3,0
189,Upstream,2014,summer,capron,small,1,3,0
189,Upstream,2014,summer,capron,small,1,3,69
189,Upstream,2014,summer,capron,small,1,3,0
189,Upstream,2014,summer,capron,small,1,3,0
189,Upstream,2014,summer,capron,small,1,3,0
189,Upstream,2014,summer,capron,small,2,3,96
189,Upstream,2014,summer,nylon,big,2,3,0
189,Upstream,2014,summer,capron,big,2,3,1641
189,Upstream,2014,summer,nylon,big,2,3,0
189,Upstream,2014,summer,capron,big,2,3,0
189,Upstream,2014,summer,nylon,big,2,3,0
189,Upstream,2014,summer,capron,big,2,3,0
189,Upstream,2014,summer,capron,big,2,3,0
189,Upstream,2014,summer,nylon,big,2,3,1456
192,Upstream,2014,fall,capron,small,1,3,19
192,Upstream,2014,fall,capron,small,1,3,0
192,Upstream,2014,fall,capron,small,1,3,0
192,Upstream,2014,fall,capron,small,1,3,0
192,Upstream,2014,fall,capron,small,1,3,0
192,Upstream,2014,fall,capron,small,1,3,0
192,Upstream,2014,fall,capron,small,2,3,0
192,Upstream,2014,fall,nylon,big,2,3,0
192,Upstream,2014,fall,capron,big,2,3,0
192,Upstream,2014,fall,nylon,big,2,3,0
192,Upstream,2014,fall,capron,big,2,3,490
192,Upstream,2014,fall,nylon,big,2,3,236
192,Upstream,2014,fall,capron,big,2,3,0
192,Upstream,2014,fall,capron,big,2,3,0
192,Upstream,2014,fall,nylon,big,2,3,0
201,Middle,2015,spring,capron,small,1,1,0
201,Middle,2015,spring,capron,small,1,1,0
201,Middle,2015,spring,capron,small,1,1,0
201,Middle,2015,spring,capron,small,1,1,0
201,Middle,2015,spring,capron,small,1,1,0
201,Middle,2015,spring,capron,small,1,1,0
201,Middle,2015,spring,capron,small,2,1,0
201,Middle,2015,spring,nylon,big,2,1,0
201,Middle,2015,spring,capron,big,2,1,494
201,Middle,2015,spring,nylon,big,2,1,0
201,Middle,2015,spring,capron,big,2,1,2233
201,Middle,2015,spring,nylon,big,2,1,0
201,Middle,2015,spring,capron,big,2,1,0
201,Middle,2015,spring,capron,big,2,1,0
201,Middle,2015,spring,nylon,big,2,1,0
207,Upstream,2015,spring,capron,small,1,1,0
207,Upstream,2015,spring,capron,small,1,1,0
207,Upstream,2015,spring,capron,small,1,1,0
207,Upstream,2015,spring,capron,small,1,1,0
207,Upstream,2015,spring,capron,small,1,1,0
207,Upstream,2015,spring,capron,small,1,1,0
207,Upstream,2015,spring,capron,small,2,1,0
207,Upstream,2015,spring,nylon,big,2,1,0
207,Upstream,2015,spring,nylon,big,2,1,0
207,Upstream,2015,spring,capron,big,2,1,0
207,Upstream,2015,spring,nylon,big,2,1,0
207,Upstream,2015,spring,capron,big,2,1,0
207,Upstream,2015,spring,capron,big,2,1,782
207,Upstream,2015,spring,nylon,big,2,1,0
213,Upstream,2015,spring,nylon,big,2,1,0
213,Upstream,2015,spring,nylon,big,2,1,0
213,Upstream,2015,spring,nylon,big,2,1,0
213,Upstream,2015,spring,nylon,big,2,1,0
219,Middle,2015,spring,capron,small,1,1,0
219,Middle,2015,spring,capron,small,1,1,0
219,Middle,2015,spring,capron,small,1,1,0
219,Middle,2015,spring,capron,small,1,1,0
219,Middle,2015,spring,capron,small,1,1,0
219,Middle,2015,spring,capron,small,1,1,0
219,Middle,2015,spring,capron,small,2,1,0
219,Middle,2015,spring,nylon,big,2,1,0
219,Middle,2015,spring,capron,big,2,1,1236
219,Middle,2015,spring,nylon,big,2,1,0
219,Middle,2015,spring,capron,big,2,1,0
219,Middle,2015,spring,nylon,big,2,1,0
219,Middle,2015,spring,capron,big,2,1,0
219,Middle,2015,spring,capron,big,2,1,0
219,Middle,2015,spring,nylon,big,2,1,0
230,Middle,2015,spring,capron,small,1,1,0
230,Middle,2015,spring,capron,small,1,1,0
230,Middle,2015,spring,capron,small,1,1,0
230,Middle,2015,spring,capron,small,1,1,0
230,Middle,2015,spring,capron,small,1,1,0
230,Middle,2015,spring,capron,small,1,1,0
230,Middle,2015,spring,capron,small,2,1,0
230,Middle,2015,spring,nylon,big,2,1,0
230,Middle,2015,spring,capron,big,2,1,0
230,Middle,2015,spring,nylon,big,2,1,0
230,Middle,2015,spring,capron,big,2,1,0
230,Middle,2015,spring,nylon,big,2,1,0
230,Middle,2015,spring,capron,big,2,1,0
230,Middle,2015,spring,capron,big,2,1,0
230,Middle,2015,spring,nylon,big,2,1,0
241,Upstream,2015,spring,capron,small,1,3,0
241,Upstream,2015,spring,capron,small,1,3,0
241,Upstream,2015,spring,capron,small,1,3,0
241,Upstream,2015,spring,capron,small,1,3,0
241,Upstream,2015,spring,capron,small,1,3,0
241,Upstream,2015,spring,capron,small,1,3,0
241,Upstream,2015,spring,capron,small,2,3,0
241,Upstream,2015,spring,nylon,big,2,3,894
241,Upstream,2015,spring,capron,big,2,3,0
241,Upstream,2015,spring,nylon,big,2,3,528
241,Upstream,2015,spring,capron,big,2,3,0
241,Upstream,2015,spring,nylon,big,2,3,130
252,Upstream,2015,spring,capron,small,1,1,0
252,Upstream,2015,spring,capron,small,1,1,0
252,Upstream,2015,spring,capron,small,1,1,0
252,Upstream,2015,spring,capron,small,1,1,0
252,Upstream,2015,spring,capron,small,1,1,0
252,Upstream,2015,spring,capron,small,1,1,0
252,Upstream,2015,spring,capron,small,2,1,0
252,Upstream,2015,spring,nylon,big,2,1,0
252,Upstream,2015,spring,capron,big,2,1,0
252,Upstream,2015,spring,nylon,big,2,1,0
252,Upstream,2015,spring,capron,big,2,1,0
252,Upstream,2015,spring,nylon,big,2,1,0
252,Upstream,2015,spring,capron,big,2,1,0
252,Upstream,2015,spring,capron,big,2,1,0
252,Upstream,2015,spring,nylon,big,2,1,0
274,Upstream,2015,spring,capron,small,1,1,0
274,Upstream,2015,spring,capron,small,1,1,0
274,Upstream,2015,spring,capron,small,1,1,0
274,Upstream,2015,spring,capron,small,1,1,0
274,Upstream,2015,spring,capron,small,1,1,0
274,Upstream,2015,spring,capron,small,1,1,0
274,Upstream,2015,spring,capron,small,2,1,2716
274,Upstream,2015,spring,nylon,big,2,1,5633
274,Upstream,2015,spring,capron,big,2,1,3486
274,Upstream,2015,spring,nylon,big,2,1,7890
274,Upstream,2015,spring,capron,big,2,1,3899
274,Upstream,2015,spring,nylon,big,2,1,11076
274,Upstream,2015,spring,capron,big,2,1,2418
274,Upstream,2015,spring,capron,big,2,1,11767
274,Upstream,2015,spring,nylon,big,2,1,3370
295,Middle,2015,spring,nylon,big,2,1,0
295,Middle,2015,spring,nylon,big,2,1,1274
295,Middle,2015,spring,nylon,big,2,1,802
295,Middle,2015,spring,nylon,big,2,1,853
296,Upstream,2015,spring,capron,small,1,1,0
296,Upstream,2015,spring,capron,small,1,1,0
296,Upstream,2015,spring,capron,small,1,1,0
296,Upstream,2015,spring,capron,small,1,1,0
296,Upstream,2015,spring,capron,small,1,1,0
296,Upstream,2015,spring,capron,small,1,1,0
296,Upstream,2015,spring,capron,small,2,1,0
296,Upstream,2015,spring,nylon,big,2,1,0
296,Upstream,2015,spring,capron,big,2,1,0
296,Upstream,2015,spring,nylon,big,2,1,0
296,Upstream,2015,spring,capron,big,2,1,0
296,Upstream,2015,spring,nylon,big,2,1,0
296,Upstream,2015,spring,capron,big,2,1,0
296,Upstream,2015,spring,capron,big,2,1,0
296,Upstream,2015,spring,nylon,big,2,1,923
297,Middle,2015,summer,capron,small,1,1,0
297,Middle,2015,summer,capron,small,1,1,0
297,Middle,2015,summer,capron,small,1,1,0
297,Middle,2015,summer,capron,small,1,1,0
297,Middle,2015,summer,capron,small,1,1,0
297,Middle,2015,summer,capron,small,1,1,0
297,Middle,2015,summer,capron,small,2,1,0
297,Middle,2015,summer,nylon,big,2,1,0
297,Middle,2015,summer,capron,big,2,1,0
297,Middle,2015,summer,nylon,big,2,1,0
297,Middle,2015,summer,capron,big,2,1,0
297,Middle,2015,summer,nylon,big,2,1,0
297,Middle,2015,summer,capron,big,2,1,0
297,Middle,2015,summer,capron,big,2,1,0
297,Middle,2015,summer,nylon,big,2,1,4694
298,Middle,2015,summer,capron,small,1,1,0
298,Middle,2015,summer,capron,small,1,1,0
298,Middle,2015,summer,capron,small,1,1,0
298,Middle,2015,summer,capron,small,1,1,0
298,Middle,2015,summer,capron,small,1,1,0
298,Middle,2015,summer,capron,small,1,1,0
298,Middle,2015,summer,capron,small,2,1,0
298,Middle,2015,summer,nylon,big,2,1,0
298,Middle,2015,summer,capron,big,2,1,0
298,Middle,2015,summer,nylon,big,2,1,0
298,Middle,2015,summer,capron,big,2,1,0
298,Middle,2015,summer,nylon,big,2,1,0
298,Middle,2015,summer,capron,big,2,1,0
298,Middle,2015,summer,capron,big,2,1,0
298,Middle,2015,summer,nylon,big,2,1,0
322,Upstream,2016,spring,capron,small,1,3,0
322,Upstream,2016,spring,capron,small,1,3,0
322,Upstream,2016,spring,capron,small,1,3,0
322,Upstream,2016,spring,capron,small,1,3,0
322,Upstream,2016,spring,capron,small,1,3,0
322,Upstream,2016,spring,capron,small,1,3,0
322,Upstream,2016,spring,capron,small,2,3,0
322,Upstream,2016,spring,nylon,big,2,3,0
322,Upstream,2016,spring,capron,big,2,3,0
322,Upstream,2016,spring,nylon,big,2,3,0
322,Upstream,2016,spring,nylon,big,2,3,0
322,Upstream,2016,spring,capron,big,2,3,0
322,Upstream,2016,spring,nylon,big,2,3,0
322,Upstream,2016,spring,capron,big,2,3,0
322,Upstream,2016,spring,capron,big,2,3,0
322,Upstream,2016,spring,nylon,big,2,3,1492
340,Upstream,2016,spring,nylon,big,3,1,20751
351,Middle,2016,summer,capron,small,1,3,0
351,Middle,2016,summer,capron,small,1,3,0
351,Middle,2016,summer,capron,small,1,3,0
351,Middle,2016,summer,capron,small,1,3,0
351,Middle,2016,summer,capron,small,1,3,0
351,Middle,2016,summer,capron,small,1,3,204
351,Middle,2016,summer,capron,small,2,3,0
351,Middle,2016,summer,capron,big,2,3,0
351,Middle,2016,summer,capron,big,2,3,0
351,Middle,2016,summer,capron,big,2,3,0
360,Middle,2016,summer,capron,small,1,3,0
360,Middle,2016,summer,capron,small,1,3,0
360,Middle,2016,summer,capron,small,1,3,0
360,Middle,2016,summer,capron,small,1,3,689
360,Middle,2016,summer,capron,small,1,3,0
360,Middle,2016,summer,capron,small,1,3,0
360,Middle,2016,summer,capron,small,2,3,0
360,Middle,2016,summer,capron,big,2,3,0
360,Middle,2016,summer,capron,big,2,3,0
360,Middle,2016,summer,capron,big,2,3,705
360,Middle,2016,summer,capron,big,2,3,0
360,Middle,2016,summer,nylon,big,2,3,1560
361,Middle,2016,summer,capron,small,1,3,0
361,Middle,2016,summer,capron,small,1,3,0
361,Middle,2016,summer,capron,small,1,3,0
361,Middle,2016,summer,capron,small,1,3,0
361,Middle,2016,summer,capron,small,1,3,0
361,Middle,2016,summer,capron,small,1,3,0
361,Middle,2016,summer,capron,small,2,3,0
361,Middle,2016,summer,capron,big,2,3,0
361,Middle,2016,summer,capron,big,2,3,659
361,Middle,2016,summer,capron,big,2,3,0
361,Middle,2016,summer,capron,big,2,3,0
362,Middle,2016,summer,capron,small,1,3,0
362,Middle,2016,summer,capron,small,1,3,0
362,Middle,2016,summer,capron,small,1,3,0
362,Middle,2016,summer,capron,small,1,3,0
362,Middle,2016,summer,capron,small,1,3,0
362,Middle,2016,summer,capron,small,1,3,0
362,Middle,2016,summer,capron,small,1,3,0
362,Middle,2016,summer,capron,small,2,3,0
362,Middle,2016,summer,capron,big,2,3,0
362,Middle,2016,summer,capron,big,2,3,1876
362,Middle,2016,summer,capron,big,2,3,0
362,Middle,2016,summer,capron,big,2,3,2144
363,Middle,2016,summer,capron,small,1,3,0
363,Middle,2016,summer,capron,small,1,3,0
363,Middle,2016,summer,capron,small,1,3,0
363,Middle,2016,summer,capron,small,1,3,0
363,Middle,2016,summer,capron,small,1,3,0
363,Middle,2016,summer,capron,small,1,3,0
363,Middle,2016,summer,capron,small,2,3,0
363,Middle,2016,summer,capron,big,2,3,0
363,Middle,2016,summer,capron,big,2,3,0
363,Middle,2016,summer,capron,big,2,3,4308
363,Middle,2016,summer,capron,big,2,3,2173
365,Middle,2016,summer,capron,small,1,3,0
365,Middle,2016,summer,capron,small,1,3,0
365,Middle,2016,summer,capron,small,1,3,0
365,Middle,2016,summer,capron,small,1,3,0
365,Middle,2016,summer,capron,small,1,3,0
365,Middle,2016,summer,capron,small,1,3,0
365,Middle,2016,summer,capron,small,2,3,469
365,Middle,2016,summer,capron,big,2,3,0
365,Middle,2016,summer,capron,big,2,3,0
365,Middle,2016,summer,capron,big,2,3,0
365,Middle,2016,summer,capron,big,2,3,685
366,Middle,2016,summer,nylon,big,2,3,0
366,Middle,2016,summer,nylon,big,2,3,0
366,Middle,2016,summer,nylon,big,2,3,15617
367,Middle,2016,summer,capron,small,1,3,0
367,Middle,2016,summer,capron,small,1,3,0
367,Middle,2016,summer,capron,small,1,3,0
367,Middle,2016,summer,capron,small,1,3,0
367,Middle,2016,summer,capron,small,1,3,0
367,Middle,2016,summer,capron,small,1,3,0
367,Middle,2016,summer,capron,small,2,3,0
367,Middle,2016,summer,capron,big,2,3,0
367,Middle,2016,summer,capron,big,2,3,0
367,Middle,2016,summer,capron,big,2,3,0
368,Middle,2016,summer,capron,small,1,3,0
368,Middle,2016,summer,capron,small,1,3,0
368,Middle,2016,summer,capron,small,1,3,0
368,Middle,2016,summer,capron,small,1,3,0
368,Middle,2016,summer,capron,small,1,3,0
368,Middle,2016,summer,capron,small,1,3,0
368,Middle,2016,summer,capron,small,2,3,0
368,Middle,2016,summer,capron,big,2,3,0
368,Middle,2016,summer,capron,big,2,3,0
368,Middle,2016,summer,capron,big,2,3,0
368,Middle,2016,summer,capron,big,2,3,1240
369,Middle,2016,summer,nylon,big,2,3,0
369,Middle,2016,summer,nylon,big,2,3,0
369,Middle,2016,summer,nylon,big,2,3,0
370,Middle,2016,summer,nylon,big,2,3,0
370,Middle,2016,summer,nylon,big,2,3,1777
370,Middle,2016,summer,nylon,big,2,3,4386
370,Middle,2016,summer,nylon,big,2,3,6758
370,Middle,2016,summer,nylon,big,2,3,14083
371,Middle,2016,summer,capron,small,1,3,0
371,Middle,2016,summer,capron,small,1,3,0
371,Middle,2016,summer,capron,small,1,3,0
371,Middle,2016,summer,capron,small,1,3,0
371,Middle,2016,summer,capron,small,1,3,116
371,Middle,2016,summer,capron,small,1,3,0
371,Middle,2016,summer,capron,small,2,3,0
371,Middle,2016,summer,capron,big,2,3,664
371,Middle,2016,summer,capron,big,2,3,978
371,Middle,2016,summer,capron,big,2,3,0
371,Middle,2016,summer,capron,big,2,3,3195
372,Upstream,2017,spring,nylon,big,2,1,0
372,Upstream,2017,spring,nylon,big,2,1,0
372,Upstream,2017,spring,nylon,big,2,1,0
372,Upstream,2017,spring,nylon,big,2,1,0
372,Upstream,2017,spring,nylon,big,2,1,0
373,Upstream,2017,spring,nylon,big,2,1,0
373,Upstream,2017,spring,nylon,big,2,1,0
373,Upstream,2017,spring,nylon,big,2,1,0
373,Upstream,2017,spring,nylon,big,2,1,0
373,Upstream,2017,spring,nylon,big,2,1,0
374,Upstream,2017,spring,nylon,big,2,1,0
374,Upstream,2017,spring,nylon,big,2,1,0
374,Upstream,2017,spring,nylon,big,2,1,0
374,Upstream,2017,spring,nylon,big,2,1,0
374,Upstream,2017,spring,nylon,big,2,1,0
376,Upstream,2017,spring,nylon,big,2,1,0
376,Upstream,2017,spring,nylon,big,2,1,0
376,Upstream,2017,spring,nylon,big,2,1,0
376,Upstream,2017,spring,nylon,big,2,1,0
376,Upstream,2017,spring,nylon,big,2,1,0
377,Upstream,2017,spring,nylon,big,2,1,0
377,Upstream,2017,spring,nylon,big,2,1,0
377,Upstream,2017,spring,nylon,big,2,1,0
377,Upstream,2017,spring,nylon,big,2,1,0
377,Upstream,2017,spring,nylon,big,2,1,0
378,Upstream,2017,spring,nylon,big,2,1,0
378,Upstream,2017,spring,nylon,big,2,1,0
378,Upstream,2017,spring,nylon,big,2,1,0
378,Upstream,2017,spring,nylon,big,2,1,0
378,Upstream,2017,spring,nylon,big,2,1,0
379,Upstream,2017,spring,nylon,big,2,1,0
379,Upstream,2017,spring,nylon,big,2,1,0
379,Upstream,2017,spring,nylon,big,2,1,0
379,Upstream,2017,spring,nylon,big,2,1,0
379,Upstream,2017,spring,nylon,big,2,1,0
380,Upstream,2017,spring,nylon,big,2,1,0
380,Upstream,2017,spring,nylon,big,2,1,0
380,Upstream,2017,spring,nylon,big,2,1,0
380,Upstream,2017,spring,nylon,big,2,1,0
380,Upstream,2017,spring,nylon,big,2,1,864
381,Upstream,2017,spring,nylon,big,2,1,0
381,Upstream,2017,spring,nylon,big,2,1,0
381,Upstream,2017,spring,nylon,big,2,1,0
381,Upstream,2017,spring,nylon,big,2,1,0
382,Upstream,2017,spring,nylon,big,2,1,0
382,Upstream,2017,spring,nylon,big,2,1,0
382,Upstream,2017,spring,nylon,big,2,1,0
382,Upstream,2017,spring,nylon,big,2,1,0
382,Upstream,2017,spring,nylon,big,2,1,0
383,Upstream,2017,spring,nylon,big,2,1,0
383,Upstream,2017,spring,nylon,big,2,1,0
383,Upstream,2017,spring,nylon,big,2,1,0
383,Upstream,2017,spring,nylon,big,2,1,0
383,Upstream,2017,spring,nylon,big,2,1,0
384,Upstream,2017,spring,nylon,big,2,1,0
384,Upstream,2017,spring,nylon,big,2,1,354
384,Upstream,2017,spring,nylon,big,2,1,0
384,Upstream,2017,spring,nylon,big,2,1,0
384,Upstream,2017,spring,nylon,big,2,1,0
385,Middle,2017,spring,nylon,big,2,1,0
385,Middle,2017,spring,nylon,big,2,1,0
385,Middle,2017,spring,nylon,big,2,1,0
385,Middle,2017,spring,nylon,big,2,1,0
385,Middle,2017,spring,nylon,big,2,1,0
387,Upstream,2017,spring,nylon,big,2,1,0
387,Upstream,2017,spring,nylon,big,2,1,0
387,Upstream,2017,spring,nylon,big,2,1,0
387,Upstream,2017,spring,nylon,big,2,1,0
387,Upstream,2017,spring,nylon,big,2,1,0
388,Middle,2017,spring,nylon,big,2,1,0
388,Middle,2017,spring,nylon,big,2,1,0
388,Middle,2017,spring,nylon,big,2,1,0
388,Middle,2017,spring,nylon,big,2,1,0
388,Middle,2017,spring,nylon,big,2,1,0
389,Middle,2017,spring,nylon,big,2,1,0
389,Middle,2017,spring,nylon,big,2,1,0
389,Middle,2017,spring,nylon,big,2,1,0
389,Middle,2017,spring,nylon,big,2,1,0
389,Middle,2017,spring,nylon,big,2,1,761
390,Middle,2017,spring,nylon,big,2,1,0
390,Middle,2017,spring,nylon,big,2,1,0
390,Middle,2017,spring,nylon,big,2,1,0
390,Middle,2017,spring,nylon,big,2,1,0
390,Middle,2017,spring,nylon,big,2,1,0
391,Upstream,2017,spring,nylon,big,2,1,0
391,Upstream,2017,spring,nylon,big,2,1,0
391,Upstream,2017,spring,nylon,big,2,1,0
391,Upstream,2017,spring,nylon,big,2,1,0
391,Upstream,2017,spring,nylon,big,2,1,2323
392,Upstream,2017,spring,nylon,big,2,1,2978
392,Upstream,2017,spring,nylon,big,2,1,2596
392,Upstream,2017,spring,nylon,big,2,1,1205
392,Upstream,2017,spring,nylon,big,2,1,2560
392,Upstream,2017,spring,nylon,big,2,1,26054
393,Upstream,2017,spring,nylon,big,2,1,1394
393,Upstream,2017,spring,nylon,big,2,1,0
393,Upstream,2017,spring,nylon,big,2,1,1468
393,Upstream,2017,spring,nylon,big,2,1,0
393,Upstream,2017,spring,nylon,big,2,1,0
394,Middle,2017,spring,nylon,big,2,1,0
394,Middle,2017,spring,nylon,big,2,1,0
394,Middle,2017,spring,nylon,big,2,1,0
394,Middle,2017,spring,nylon,big,2,1,0
394,Middle,2017,spring,nylon,big,2,1,0
395,Upstream,2017,spring,nylon,big,2,1,0
395,Upstream,2017,spring,nylon,big,2,1,0
395,Upstream,2017,spring,nylon,big,2,1,0
395,Upstream,2017,spring,nylon,big,2,1,0
395,Upstream,2017,spring,nylon,big,2,1,1214
396,Upstream,2017,spring,nylon,big,2,1,913
396,Upstream,2017,spring,nylon,big,2,1,6076
396,Upstream,2017,spring,nylon,big,2,1,3666
396,Upstream,2017,spring,nylon,big,2,1,2945
396,Upstream,2017,spring,nylon,big,2,1,6890
396,Upstream,2017,spring,nylon,big,2,1,11980
396,Upstream,2017,spring,nylon,big,2,1,5420
398,Middle,2017,spring,nylon,big,2,1,0
398,Middle,2017,spring,nylon,big,2,1,253
398,Middle,2017,spring,nylon,big,2,1,0
398,Middle,2017,spring,nylon,big,2,1,735
398,Middle,2017,spring,nylon,big,2,1,2626
399,Middle,2017,spring,nylon,big,2,1,0
399,Middle,2017,spring,nylon,big,2,1,0
399,Middle,2017,spring,nylon,big,2,1,0
399,Middle,2017,spring,nylon,big,2,1,0
399,Middle,2017,spring,nylon,big,2,1,0
400,Middle,2017,spring,nylon,big,2,1,1603
400,Middle,2017,spring,nylon,big,2,1,2085
400,Middle,2017,spring,nylon,big,2,1,800
400,Middle,2017,spring,nylon,big,2,1,278
400,Middle,2017,spring,nylon,big,2,1,4172
401,Middle,2017,spring,nylon,big,2,1,0
401,Middle,2017,spring,nylon,big,2,1,0
401,Middle,2017,spring,nylon,big,2,1,0
401,Middle,2017,spring,nylon,big,2,1,0
401,Middle,2017,spring,nylon,big,2,1,0
401,Middle,2017,spring,nylon,big,2,1,2000
402,Upstream,2017,spring,nylon,big,2,1,0
402,Upstream,2017,spring,nylon,big,2,1,0
402,Upstream,2017,spring,nylon,big,2,1,0
402,Upstream,2017,spring,nylon,big,2,1,800
402,Upstream,2017,spring,nylon,big,2,1,0
403,Upstream,2017,summer,nylon,big,2,1,0
404,Middle,2017,summer,nylon,big,2,1,0
404,Middle,2017,summer,nylon,big,2,1,0
404,Middle,2017,summer,nylon,big,2,1,0
404,Middle,2017,summer,nylon,big,2,1,3235
404,Middle,2017,summer,nylon,big,2,1,0
405,Middle,2017,summer,nylon,big,2,1,0
405,Middle,2017,summer,nylon,big,2,1,0
405,Middle,2017,summer,nylon,big,2,1,0
405,Middle,2017,summer,nylon,big,2,1,0
405,Middle,2017,summer,nylon,big,2,1,0
405,Middle,2017,summer,nylon,big,2,1,0
405,Middle,2017,summer,nylon,big,2,1,0
406,Upstream,2017,summer,nylon,big,2,1,0
406,Upstream,2017,summer,nylon,big,2,1,0
406,Upstream,2017,summer,nylon,big,2,1,0
406,Upstream,2017,summer,nylon,big,2,1,0
406,Upstream,2017,summer,nylon,big,2,1,0
406,Upstream,2017,summer,nylon,big,2,1,0
406,Upstream,2017,summer,nylon,big,2,1,0
407,Upstream,2017,summer,nylon,big,2,1,0
407,Upstream,2017,summer,nylon,big,2,1,0
407,Upstream,2017,summer,nylon,big,2,1,0
407,Upstream,2017,summer,nylon,big,2,1,0
407,Upstream,2017,summer,nylon,big,2,1,0
407,Upstream,2017,summer,nylon,big,2,1,0
3,Upstream,2017,summer,nylon,big,2,1,0
3,Upstream,2017,summer,nylon,big,2,1,0
3,Upstream,2017,summer,nylon,big,2,1,0
3,Upstream,2017,summer,nylon,big,2,1,0
3,Upstream,2017,summer,nylon,big,2,1,2449
4,Middle,2017,summer,capron,small,1,3,0
4,Middle,2017,summer,capron,small,1,3,0
4,Middle,2017,summer,capron,small,1,3,0
4,Middle,2017,summer,capron,small,1,3,0
4,Middle,2017,summer,capron,small,1,3,243
4,Middle,2017,summer,capron,small,1,3,0
4,Middle,2017,summer,capron,small,2,3,130
4,Middle,2017,summer,capron,big,2,3,536
4,Middle,2017,summer,capron,big,2,3,3371
4,Middle,2017,summer,capron,big,2,3,0
4,Middle,2017,summer,capron,big,2,3,0
5,Middle,2017,summer,capron,small,1,3,0
5,Middle,2017,summer,capron,small,1,3,0
5,Middle,2017,summer,capron,small,1,3,0
5,Middle,2017,summer,capron,small,1,3,0
5,Middle,2017,summer,capron,small,1,3,1152
5,Middle,2017,summer,capron,small,1,3,521
5,Middle,2017,summer,capron,small,2,3,474
5,Middle,2017,summer,capron,big,2,3,2694
5,Middle,2017,summer,capron,big,2,3,4562
5,Middle,2017,summer,capron,big,2,3,3881
5,Middle,2017,summer,capron,big,2,3,1110
6,Middle,2017,summer,capron,small,1,3,0
6,Middle,2017,summer,capron,small,1,3,0
6,Middle,2017,summer,capron,small,1,3,0
6,Middle,2017,summer,capron,small,1,3,0
6,Middle,2017,summer,capron,small,1,3,0
6,Middle,2017,summer,capron,small,1,3,0
6,Middle,2017,summer,capron,small,2,3,0
6,Middle,2017,summer,capron,big,2,3,0
6,Middle,2017,summer,capron,big,2,3,340
6,Middle,2017,summer,capron,big,2,3,0
6,Middle,2017,summer,capron,big,2,3,925
7,Middle,2017,summer,capron,small,1,3,0
7,Middle,2017,summer,capron,small,1,3,0
7,Middle,2017,summer,capron,small,1,3,0
7,Middle,2017,summer,capron,small,1,3,0
7,Middle,2017,summer,capron,small,1,3,597
7,Middle,2017,summer,capron,small,1,3,0
7,Middle,2017,summer,capron,small,2,3,0
7,Middle,2017,summer,capron,big,2,3,0
7,Middle,2017,summer,capron,big,2,3,0
7,Middle,2017,summer,capron,big,2,3,0
7,Middle,2017,summer,capron,big,2,3,0
8,Middle,2017,summer,capron,small,1,3,0
8,Middle,2017,summer,capron,small,1,3,0
8,Middle,2017,summer,capron,small,1,3,0
8,Middle,2017,summer,capron,small,1,3,0
8,Middle,2017,summer,capron,small,1,3,0
8,Middle,2017,summer,capron,small,1,3,0
8,Middle,2017,summer,capron,small,2,3,0
8,Middle,2017,summer,capron,big,2,3,3102
8,Middle,2017,summer,capron,big,2,3,4336
8,Middle,2017,summer,capron,big,2,3,3231
8,Middle,2017,summer,capron,big,2,3,0
9,Middle,2017,summer,capron,small,1,3,0
9,Middle,2017,summer,capron,small,1,3,0
9,Middle,2017,summer,capron,small,1,3,0
9,Middle,2017,summer,capron,small,1,3,0
9,Middle,2017,summer,capron,small,1,3,0
9,Middle,2017,summer,capron,small,1,3,0
9,Middle,2017,summer,capron,small,2,3,1211
9,Middle,2017,summer,capron,big,2,3,1636
9,Middle,2017,summer,capron,big,2,3,1805
9,Middle,2017,summer,capron,big,2,3,3361
9,Middle,2017,summer,capron,big,2,3,3436
10,Middle,2017,summer,capron,small,1,3,0
10,Middle,2017,summer,capron,small,1,3,0
10,Middle,2017,summer,capron,small,1,3,0
10,Middle,2017,summer,capron,small,1,3,0
10,Middle,2017,summer,capron,small,1,3,0
10,Middle,2017,summer,capron,small,1,3,100
10,Middle,2017,summer,capron,small,2,3,0
10,Middle,2017,summer,capron,big,2,3,0
10,Middle,2017,summer,capron,big,2,3,0
10,Middle,2017,summer,capron,big,2,3,0
10,Middle,2017,summer,capron,big,2,3,0
11,Middle,2017,summer,capron,small,1,3,0
11,Middle,2017,summer,capron,small,1,3,0
11,Middle,2017,summer,capron,small,1,3,0
11,Middle,2017,summer,capron,small,1,3,0
11,Middle,2017,summer,capron,small,1,3,0
11,Middle,2017,summer,capron,small,1,3,0
11,Middle,2017,summer,capron,small,2,3,0
11,Middle,2017,summer,capron,big,2,3,0
11,Middle,2017,summer,capron,big,2,3,518
11,Middle,2017,summer,capron,big,2,3,0
11,Middle,2017,summer,capron,big,2,3,0
12,Middle,2017,summer,nylon,big,2,3,687
12,Middle,2017,summer,nylon,big,2,3,0
12,Middle,2017,summer,nylon,big,2,3,0
12,Middle,2017,summer,nylon,big,2,3,0
12,Middle,2017,summer,nylon,big,2,3,1406
14,Middle,2017,summer,nylon,big,2,3,1050
14,Middle,2017,summer,nylon,big,2,3,364
14,Middle,2017,summer,nylon,big,2,3,3452
14,Middle,2017,summer,nylon,big,2,3,2886
14,Middle,2017,summer,nylon,big,2,3,15352
15,Middle,2017,summer,nylon,big,2,3,709
15,Middle,2017,summer,nylon,big,2,3,2125
15,Middle,2017,summer,nylon,big,2,3,1675
15,Middle,2017,summer,nylon,big,2,3,1095
15,Middle,2017,summer,nylon,big,2,3,0
16,Middle,2017,summer,nylon,big,2,3,0
16,Middle,2017,summer,nylon,big,2,3,0
16,Middle,2017,summer,nylon,big,2,3,0
16,Middle,2017,summer,nylon,big,2,3,0
16,Middle,2017,summer,nylon,big,2,3,3717
17,Upstream,2018,spring,nylon,big,2,1,0
17,Upstream,2018,spring,nylon,big,2,1,0
17,Upstream,2018,spring,nylon,big,2,1,1636
17,Upstream,2018,spring,nylon,big,2,1,0
17,Upstream,2018,spring,nylon,big,2,1,2486
18,Upstream,2018,spring,nylon,big,2,1,0
18,Upstream,2018,spring,nylon,big,2,1,0
18,Upstream,2018,spring,nylon,big,2,1,1574
18,Upstream,2018,spring,nylon,big,2,1,0
18,Upstream,2018,spring,nylon,big,2,1,1492
19,Upstream,2018,spring,nylon,big,2,1,0
19,Upstream,2018,spring,nylon,big,2,1,0
19,Upstream,2018,spring,nylon,big,2,1,1345
19,Upstream,2018,spring,nylon,big,2,1,0
19,Upstream,2018,spring,nylon,big,2,1,2976
20,Middle,2018,spring,nylon,big,2,1,0
20,Middle,2018,spring,nylon,big,2,1,0
20,Middle,2018,spring,nylon,big,2,1,0
20,Middle,2018,spring,nylon,big,2,1,0
21,Upstream,2018,spring,nylon,big,2,1,2349
21,Upstream,2018,spring,nylon,big,2,1,4685
21,Upstream,2018,spring,nylon,big,2,1,10459
21,Upstream,2018,spring,nylon,big,2,1,28437
22,Upstream,2018,spring,nylon,big,2,1,0
22,Upstream,2018,spring,nylon,big,2,1,5671
22,Upstream,2018,spring,nylon,big,2,1,3016
24,Upstream,2018,spring,nylon,big,2,1,0
24,Upstream,2018,spring,nylon,big,2,1,0
24,Upstream,2018,spring,nylon,big,2,1,0
24,Upstream,2018,spring,nylon,big,2,1,0
25,Middle,2018,summer,nylon,big,2,1,0
25,Middle,2018,summer,nylon,big,2,1,0
25,Middle,2018,summer,nylon,big,2,1,0
26,Upstream,2018,summer,nylon,big,2,1,0
26,Upstream,2018,summer,nylon,big,3,1,0
26,Upstream,2018,summer,nylon,big,3,1,0
26,Upstream,2018,summer,nylon,big,2,1,1637
27,Upstream,2018,summer,nylon,big,3,1,0
28,Upstream,2018,summer,nylon,big,2,1,0
28,Upstream,2018,summer,nylon,big,2,1,1447
28,Upstream,2018,summer,nylon,big,2,1,1285
29,Middle,2018,summer,capron,small,1,3,0
29,Middle,2018,summer,capron,small,1,3,0
29,Middle,2018,summer,capron,small,1,3,0
29,Middle,2018,summer,capron,small,1,3,0
29,Middle,2018,summer,capron,small,1,3,0
29,Middle,2018,summer,capron,small,1,3,0
29,Middle,2018,summer,capron,small,2,3,642
29,Middle,2018,summer,capron,big,2,3,546
29,Middle,2018,summer,capron,big,2,3,677
29,Middle,2018,summer,capron,big,2,3,2808
29,Middle,2018,summer,capron,big,2,3,4334
29,Middle,2018,summer,nylon,big,2,3,7800
30,Middle,2018,summer,capron,small,1,3,0
30,Middle,2018,summer,capron,small,1,3,0
30,Middle,2018,summer,capron,small,1,3,55
30,Middle,2018,summer,capron,small,1,3,0
30,Middle,2018,summer,capron,small,1,3,73
30,Middle,2018,summer,capron,small,1,3,0
30,Middle,2018,summer,capron,small,2,3,168
30,Middle,2018,summer,capron,big,2,3,0
30,Middle,2018,summer,capron,big,2,3,711
30,Middle,2018,summer,capron,big,2,3,1203
30,Middle,2018,summer,capron,big,2,3,1193
31,Middle,2018,summer,capron,small,1,3,0
31,Middle,2018,summer,capron,small,1,3,0
31,Middle,2018,summer,capron,small,1,3,0
31,Middle,2018,summer,capron,small,1,3,0
31,Middle,2018,summer,capron,small,1,3,0
31,Middle,2018,summer,capron,small,1,3,95
31,Middle,2018,summer,capron,small,2,3,0
31,Middle,2018,summer,capron,big,2,3,0
31,Middle,2018,summer,capron,big,2,3,0
31,Middle,2018,summer,capron,big,2,3,1621
31,Middle,2018,summer,capron,big,2,3,0
32,Middle,2018,summer,capron,small,1,3,13
32,Middle,2018,summer,capron,small,1,3,18
32,Middle,2018,summer,capron,small,1,3,30
32,Middle,2018,summer,capron,small,1,3,0
32,Middle,2018,summer,capron,small,1,3,0
32,Middle,2018,summer,capron,small,1,3,0
32,Middle,2018,summer,capron,small,2,3,0
32,Middle,2018,summer,capron,big,2,3,0
32,Middle,2018,summer,capron,big,2,3,0
32,Middle,2018,summer,capron,big,2,3,0
32,Middle,2018,summer,capron,big,2,3,0
33,Middle,2018,summer,capron,small,1,3,0
33,Middle,2018,summer,capron,small,1,3,0
33,Middle,2018,summer,capron,small,1,3,147
33,Middle,2018,summer,capron,small,1,3,0
33,Middle,2018,summer,capron,small,1,3,0
33,Middle,2018,summer,capron,small,1,3,0
33,Middle,2018,summer,capron,small,2,3,287
33,Middle,2018,summer,capron,big,2,3,812
33,Middle,2018,summer,capron,big,2,3,895
33,Middle,2018,summer,capron,big,2,3,399
35,Middle,2018,summer,capron,small,1,3,0
35,Middle,2018,summer,capron,small,1,3,0
35,Middle,2018,summer,capron,small,1,3,0
35,Middle,2018,summer,capron,small,1,3,0
35,Middle,2018,summer,capron,small,1,3,0
35,Middle,2018,summer,capron,small,1,3,0
35,Middle,2018,summer,capron,small,2,3,0
35,Middle,2018,summer,capron,big,2,3,338
35,Middle,2018,summer,capron,big,2,3,0
35,Middle,2018,summer,capron,big,2,3,4314
35,Middle,2018,summer,capron,big,2,3,583
36,Middle,2018,summer,capron,small,1,3,0
36,Middle,2018,summer,capron,small,1,3,0
36,Middle,2018,summer,capron,small,1,3,0
36,Middle,2018,summer,capron,small,1,3,0
36,Middle,2018,summer,capron,small,1,3,0
36,Middle,2018,summer,capron,small,1,3,0
36,Middle,2018,summer,capron,small,2,3,0
36,Middle,2018,summer,capron,big,2,3,0
36,Middle,2018,summer,capron,big,2,3,0
36,Middle,2018,summer,capron,big,2,3,0
36,Middle,2018,summer,capron,big,2,3,980
37,Middle,2018,summer,capron,small,1,3,33
37,Middle,2018,summer,capron,small,1,3,0
37,Middle,2018,summer,capron,small,1,3,0
37,Middle,2018,summer,capron,small,1,3,0
37,Middle,2018,summer,capron,small,1,3,0
37,Middle,2018,summer,capron,small,1,3,0
37,Middle,2018,summer,capron,small,2,3,0
37,Middle,2018,summer,capron,big,2,3,283
37,Middle,2018,summer,capron,big,2,3,0
37,Middle,2018,summer,capron,big,2,3,0
37,Middle,2018,summer,capron,big,2,3,0
38,Middle,2018,summer,nylon,big,2,3,0
38,Middle,2018,summer,nylon,big,2,3,1002
38,Middle,2018,summer,nylon,big,2,3,0
38,Middle,2018,summer,nylon,big,2,3,0
38,Middle,2018,summer,nylon,big,2,3,1882
38,Middle,2018,summer,nylon,big,2,3,6036
39,Middle,2018,summer,nylon,big,2,3,1256
39,Middle,2018,summer,nylon,big,2,3,0
39,Middle,2018,summer,nylon,big,2,3,0
39,Middle,2018,summer,nylon,big,2,3,1023
39,Middle,2018,summer,nylon,big,2,3,3521
40,Middle,2018,summer,nylon,big,2,3,0
40,Middle,2018,summer,nylon,big,2,3,0
40,Middle,2018,summer,nylon,big,2,3,0
40,Middle,2018,summer,nylon,big,2,3,0
40,Middle,2018,summer,nylon,big,2,3,4290
41,Middle,2018,summer,nylon,big,2,3,307
41,Middle,2018,summer,nylon,big,2,3,1509
41,Middle,2018,summer,nylon,big,2,3,0
41,Middle,2018,summer,nylon,big,2,3,0
41,Middle,2018,summer,nylon,big,2,3,1552
41,Middle,2018,summer,nylon,big,2,3,7998
42,Middle,2013,spring,nylon,big,2,1,0
42,Middle,2013,spring,nylon,big,2,1,0
42,Middle,2013,spring,nylon,big,2,1,0
43,Middle,2013,spring,nylon,small,1,1,0
43,Middle,2013,spring,nylon,small,1,1,0
43,Middle,2013,spring,nylon,small,1,1,0
43,Middle,2013,spring,nylon,small,1,1,0
43,Middle,2013,spring,nylon,small,1,1,0
43,Middle,2013,spring,nylon,big,1,1,0
43,Middle,2013,spring,nylon,big,2,1,0
43,Middle,2013,spring,nylon,big,1,1,0
43,Middle,2013,spring,nylon,big,2,1,0
43,Middle,2013,spring,nylon,big,1,1,0
43,Middle,2013,spring,nylon,big,2,1,0
44,Upstream,2013,spring,nylon,big,4,1,3756
46,Upstream,2013,spring,nylon,big,4,1,3846
47,Upstream,2013,spring,nylon,big,4,3,0
48,Upstream,2013,spring,nylon,big,4,1,0
49,Upstream,2013,spring,nylon,big,4,1,202
50,Upstream,2013,summer,nylon,big,4,1,0
51,Upstream,2013,summer,nylon,big,4,1,2650
52,Upstream,2013,summer,nylon,big,4,1,996
53,Middle,2013,fall,nylon,full,3,1,0
53,Middle,2013,fall,nylon,big,3,1,1011
54,Middle,2013,fall,nylon,full,2,1,383
54,Middle,2013,fall,nylon,big,2,1,0
55,Upstream,2013,fall,nylon,full,2,1,0
55,Upstream,2013,fall,nylon,big,2,1,0
57,Upstream,2013,fall,nylon,full,3,3,0
57,Upstream,2013,fall,nylon,big,2,3,0
58,Upstream,2013,fall,nylon,full,3,1,0
58,Upstream,2013,fall,nylon,big,2,1,0
59,Upstream,2013,fall,nylon,full,3,1,0
59,Upstream,2013,fall,nylon,big,2,1,0
60,Upstream,2013,fall,nylon,full,3,1,0
60,Upstream,2013,fall,nylon,big,2,1,0
61,Upstream,2013,fall,nylon,full,2,1,0
61,Upstream,2013,fall,nylon,big,2,1,0
62,Upstream,2013,fall,nylon,big,3,3,297
63,Middle,2013,fall,nylon,big,2,1,1759
63,Middle,2013,fall,nylon,full,3,1,1698
64,Middle,2013,fall,nylon,full,3,1,0
64,Middle,2013,fall,nylon,big,2,1,1036
65,Middle,2013,fall,nylon,full,3,1,0
66,Middle,2013,fall,nylon,full,4,1,3845
68,Upstream,2013,fall,nylon,big,3,3,281
69,Upstream,2013,fall,nylon,big,3,1,0
70,Middle,2013,summer,nylon,full,2,1,3017
71,Downstream,2012,spring,nylon,big,2,1,0
71,Downstream,2012,spring,nylon,big,2,1,0
71,Downstream,2012,spring,nylon,full,2,1,0
72,Downstream,2012,spring,nylon,full,2,1,0
73,Middle,2012,spring,nylon,full,2,1,0
74,Middle,2012,spring,nylon,small,1,1,0
75,Middle,2012,spring,nylon,full,2,1,0
76,Middle,2012,spring,nylon,big,2,1,1458
76,Middle,2012,spring,nylon,full,3,1,474
77,Upstream,2012,spring,nylon,full,2,1,0
77,Upstream,2012,spring,nylon,big,3,1,706
79,Upstream,2012,spring,nylon,big,3,1,1566
80,Upstream,2012,spring,nylon,big,3,1,0
81,Middle,2012,fall,capron,small,1,3,0
81,Middle,2012,fall,capron,small,1,3,0
81,Middle,2012,fall,capron,small,1,3,0
81,Middle,2012,fall,capron,small,1,3,0
81,Middle,2012,fall,capron,small,1,3,0
81,Middle,2012,fall,capron,small,1,3,0
81,Middle,2012,fall,capron,small,2,3,0
81,Middle,2012,fall,nylon,big,2,3,632
81,Middle,2012,fall,nylon,big,2,3,0
81,Middle,2012,fall,nylon,big,2,3,0
81,Middle,2012,fall,nylon,big,2,3,0
81,Middle,2012,fall,nylon,big,2,3,254
82,Upstream,2012,spring,nylon,big,2,1,3318
82,Upstream,2012,spring,nylon,big,2,1,0
82,Upstream,2012,spring,nylon,big,2,1,2795
83,Upstream,2012,spring,nylon,big,2,1,2138
83,Upstream,2012,spring,nylon,big,2,1,0
84,Middle,2012,spring,nylon,big,2,1,1112
84,Middle,2012,spring,nylon,big,2,1,0
85,Middle,2012,spring,nylon,big,2,1,0
85,Middle,2012,spring,nylon,big,2,1,0
85,Middle,2012,spring,nylon,big,2,1,0
86,Middle,2012,spring,nylon,full,3,1,0
86,Middle,2012,spring,capron,full,2,1,0
87,Upstream,2012,spring,nylon,big,2,1,0
87,Upstream,2012,spring,nylon,big,2,1,0
87,Upstream,2012,spring,nylon,big,2,1,0
87,Upstream,2012,spring,nylon,full,2,1,0
88,Middle,2012,fall,nylon,big,3,3,2845
88,Middle,2012,fall,nylon,big,3,3,1444
90,Middle,2011,summer,capron,small,1,3,0
90,Middle,2011,summer,capron,small,1,3,0
90,Middle,2011,summer,capron,small,1,3,0
90,Middle,2011,summer,capron,small,1,3,0
90,Middle,2011,summer,capron,small,1,3,0
90,Middle,2011,summer,nylon,big,2,3,0
90,Middle,2011,summer,nylon,big,2,3,1120
90,Middle,2011,summer,nylon,big,2,3,0
90,Middle,2011,summer,nylon,big,2,3,0
90,Middle,2011,summer,nylon,big,2,3,0
91,Middle,2011,summer,nylon,big,2,3,0
91,Middle,2011,summer,nylon,big,2,3,0
91,Middle,2011,summer,nylon,big,2,3,0
92,Middle,2011,fall,nylon,small,1,3,0
92,Middle,2011,fall,nylon,small,1,3,0
92,Middle,2011,fall,nylon,small,1,3,0
92,Middle,2011,fall,nylon,small,1,3,0
92,Middle,2011,fall,nylon,small,1,3,0
92,Middle,2011,fall,nylon,big,1,3,0
92,Middle,2011,fall,nylon,big,3,3,0
92,Middle,2011,fall,nylon,big,1,3,0
92,Middle,2011,fall,nylon,big,1,3,0
92,Middle,2011,fall,nylon,big,2,3,0
93,Middle,2016,fall,nylon,big,2,3,1816
93,Middle,2016,fall,nylon,big,2,3,0
93,Middle,2016,fall,nylon,big,2,3,0
93,Middle,2016,fall,nylon,big,2,3,2331
93,Middle,2016,fall,nylon,big,2,3,7626
94,Middle,2016,fall,capron,small,1,3,0
94,Middle,2016,fall,capron,small,1,3,0
94,Middle,2016,fall,capron,small,1,3,0
94,Middle,2016,fall,capron,small,1,3,0
94,Middle,2016,fall,capron,small,1,3,0
94,Middle,2016,fall,capron,small,1,3,0
94,Middle,2016,fall,capron,small,2,3,712
94,Middle,2016,fall,capron,big,2,3,1403
94,Middle,2016,fall,capron,big,2,3,767
94,Middle,2016,fall,capron,big,2,3,2071
94,Middle,2016,fall,capron,big,2,3,1206
95,Middle,2016,fall,capron,small,1,3,0
95,Middle,2016,fall,capron,small,1,3,0
95,Middle,2016,fall,capron,small,1,3,0
95,Middle,2016,fall,capron,small,1,3,0
95,Middle,2016,fall,capron,small,1,3,0
95,Middle,2016,fall,capron,small,1,3,0
95,Middle,2016,fall,capron,small,2,3,1309
95,Middle,2016,fall,capron,big,2,3,0
95,Middle,2016,fall,capron,big,2,3,0
95,Middle,2016,fall,capron,big,2,3,0
95,Middle,2016,fall,capron,big,2,3,0
96,Middle,2016,fall,capron,small,1,3,0
96,Middle,2016,fall,capron,small,1,3,0
96,Middle,2016,fall,capron,small,1,3,0
96,Middle,2016,fall,capron,small,1,3,0
96,Middle,2016,fall,capron,small,1,3,0
96,Middle,2016,fall,capron,small,1,3,0
96,Middle,2016,fall,capron,small,2,3,0
96,Middle,2016,fall,capron,big,2,3,0
96,Middle,2016,fall,capron,big,2,3,1828
96,Middle,2016,fall,capron,big,2,3,1221
96,Middle,2016,fall,capron,big,2,3,2075
97,Middle,2016,fall,capron,small,1,3,0
97,Middle,2016,fall,capron,small,1,3,0
97,Middle,2016,fall,capron,small,1,3,0
97,Middle,2016,fall,capron,small,1,3,0
97,Middle,2016,fall,capron,small,1,3,0
97,Middle,2016,fall,capron,small,1,3,0
97,Middle,2016,fall,capron,small,2,3,0
97,Middle,2016,fall,nylon,big,2,3,0
97,Middle,2016,fall,capron,big,2,3,0
97,Middle,2016,fall,nylon,big,2,3,0
97,Middle,2016,fall,nylon,big,2,3,0
97,Middle,2016,fall,capron,big,2,3,0
97,Middle,2016,fall,nylon,big,2,3,0
97,Middle,2016,fall,capron,big,2,3,0
97,Middle,2016,fall,capron,big,2,3,1491
97,Middle,2016,fall,nylon,big,2,3,1323
98,Middle,2017,fall,capron,small,1,3,0
98,Middle,2017,fall,capron,small,1,3,0
98,Middle,2017,fall,capron,small,1,3,0
98,Middle,2017,fall,capron,small,1,3,0
98,Middle,2017,fall,capron,small,1,3,0
98,Middle,2017,fall,capron,small,1,3,0
98,Middle,2017,fall,capron,small,2,3,0
98,Middle,2017,fall,capron,big,2,3,0
98,Middle,2017,fall,capron,big,2,3,0
98,Middle,2017,fall,capron,big,2,3,1633
98,Middle,2017,fall,capron,big,2,3,0
99,Middle,2017,fall,capron,small,1,3,0
99,Middle,2017,fall,capron,small,1,3,0
99,Middle,2017,fall,capron,small,1,3,0
99,Middle,2017,fall,capron,small,1,3,0
99,Middle,2017,fall,capron,small,1,3,0
99,Middle,2017,fall,capron,small,1,3,0
99,Middle,2017,fall,capron,small,2,3,284
99,Middle,2017,fall,capron,big,2,3,0
99,Middle,2017,fall,capron,big,2,3,0
99,Middle,2017,fall,capron,big,2,3,0
99,Middle,2017,fall,capron,big,2,3,0
101,Middle,2017,fall,capron,small,1,3,0
101,Middle,2017,fall,capron,small,1,3,0
101,Middle,2017,fall,capron,small,1,3,0
101,Middle,2017,fall,capron,small,1,3,0
101,Middle,2017,fall,capron,small,1,3,0
101,Middle,2017,fall,capron,small,1,3,0
101,Middle,2017,fall,capron,small,2,3,0
101,Middle,2017,fall,capron,big,2,3,0
101,Middle,2017,fall,capron,big,2,3,0
101,Middle,2017,fall,capron,big,2,3,703
101,Middle,2017,fall,capron,big,2,3,0
102,Middle,2017,fall,capron,small,1,3,0
102,Middle,2017,fall,capron,small,1,3,0
102,Middle,2017,fall,capron,small,1,3,21
102,Middle,2017,fall,capron,small,1,3,0
102,Middle,2017,fall,capron,small,1,3,0
102,Middle,2017,fall,capron,small,1,3,0
102,Middle,2017,fall,capron,small,2,3,0
102,Middle,2017,fall,capron,big,2,3,0
102,Middle,2017,fall,capron,big,2,3,0
102,Middle,2017,fall,capron,big,2,3,0
102,Middle,2017,fall,capron,big,2,3,1485
103,Middle,2017,fall,nylon,big,2,3,0
103,Middle,2017,fall,nylon,big,2,3,0
103,Middle,2017,fall,nylon,big,2,3,1947
103,Middle,2017,fall,nylon,big,2,3,996
103,Middle,2017,fall,nylon,big,2,3,5667
104,Middle,2017,fall,nylon,big,2,3,0
104,Middle,2017,fall,nylon,big,2,3,0
104,Middle,2017,fall,nylon,big,2,3,0
104,Middle,2017,fall,nylon,big,2,3,0
105,Middle,2010,summer,capron,small,1,3,0
105,Middle,2010,summer,capron,small,1,3,0
105,Middle,2010,summer,capron,small,1,3,0
105,Middle,2010,summer,capron,small,1,3,750
105,Middle,2010,summer,capron,small,1,3,0
105,Middle,2010,summer,capron,small,1,3,0
105,Middle,2010,summer,capron,small,1,3,0
105,Middle,2010,summer,nylon,big,2,3,180
105,Middle,2010,summer,nylon,big,2,3,1170
105,Middle,2010,summer,nylon,big,2,3,1584
105,Middle,2010,summer,nylon,big,2,3,923
105,Middle,2010,summer,nylon,big,2,3,1780
105,Middle,2010,summer,nylon,big,2,3,1186
106,Upstream,2009,summer,nylon,big,2,1,0
106,Upstream,2009,summer,nylon,big,2,1,0
106,Upstream,2009,summer,nylon,big,2,1,0
107,Upstream,2009,summer,capron,small,1,3,0
107,Upstream,2009,summer,capron,small,1,3,0
107,Upstream,2009,summer,capron,small,1,3,0
107,Upstream,2009,summer,capron,small,1,3,0
107,Upstream,2009,summer,nylon,big,2,3,0
107,Upstream,2009,summer,nylon,big,2,3,0
107,Upstream,2009,summer,nylon,big,2,3,0
108,Upstream,2009,summer,nylon,big,2,1,0
108,Upstream,2009,summer,nylon,big,2,1,0
108,Upstream,2009,summer,nylon,big,2,1,0
109,Middle,2009,summer,capron,small,1,3,0
109,Middle,2009,summer,capron,small,1,3,0
109,Middle,2009,summer,capron,small,1,3,0
109,Middle,2009,summer,capron,small,1,3,0
109,Middle,2009,summer,capron,small,1,3,0
109,Middle,2009,summer,capron,small,1,3,0
109,Middle,2009,summer,nylon,big,2,3,0
109,Middle,2009,summer,nylon,big,2,3,355
110,Middle,2009,summer,capron,small,1,3,0
110,Middle,2009,summer,capron,small,1,3,0
110,Middle,2009,summer,capron,small,1,3,0
110,Middle,2009,summer,capron,small,1,3,0
110,Middle,2009,summer,capron,small,1,3,0
110,Middle,2009,summer,nylon,big,2,3,222
110,Middle,2009,summer,nylon,big,2,3,0
113,Upstream,2008,summer,nylon,small,2,3,618
113,Upstream,2008,summer,nylon,big,2,3,0
114,Upstream,2008,summer,nylon,big,2,3,372
114,Upstream,2008,summer,nylon,big,3,3,160
114,Upstream,2008,summer,nylon,big,2,3,0
115,Upstream,2008,summer,nylon,big,2,1,0
115,Upstream,2008,summer,nylon,big,2,1,1198
116,Middle,2008,summer,nylon,small,2,3,67
116,Middle,2008,summer,nylon,big,2,3,13454
117,Middle,2008,summer,nylon,big,3,3,5185
117,Middle,2008,summer,nylon,big,2,3,319
117,Middle,2008,summer,nylon,big,2,3,1176
119,Middle,2008,summer,capron,small,1,3,0
119,Middle,2008,summer,capron,small,1,3,0
119,Middle,2008,summer,capron,small,1,3,0
119,Middle,2008,summer,capron,small,1,3,0
119,Middle,2008,summer,capron,small,1,3,0
119,Middle,2008,summer,capron,small,1,3,0
119,Middle,2008,summer,nylon,big,2,3,0
119,Middle,2008,summer,capron,big,2,3,0
119,Middle,2008,summer,nylon,big,2,3,0
119,Middle,2008,summer,capron,big,2,3,0
119,Middle,2008,summer,nylon,big,3,3,3123
119,Middle,2008,summer,capron,big,2,3,0
120,Middle,2008,fall,nylon,big,2,3,401
120,Middle,2008,fall,nylon,big,4,3,849
121,Upstream,2008,spring,capron,small,2,1,0
121,Upstream,2008,spring,nylon,big,2,1,0
121,Upstream,2008,spring,nylon,big,2,1,0
121,Upstream,2008,spring,nylon,big,2,1,0
121,Upstream,2008,spring,nylon,big,2,1,7231
121,Upstream,2008,spring,nylon,big,2,1,0
121,Upstream,2008,spring,nylon,big,2,1,3885
122,Upstream,2008,spring,nylon,big,2,1,0
123,Upstream,2008,spring,nylon,big,3,1,0
124,Upstream,2008,spring,nylon,big,2,3,0
124,Upstream,2008,spring,nylon,big,3,3,1067
124,Upstream,2008,spring,nylon,big,2,3,568
124,Upstream,2008,spring,nylon,big,2,3,886
126,Upstream,2007,spring,nylon,big,2,1,0
126,Upstream,2007,spring,nylon,big,2,1,0
127,Upstream,2007,spring,nylon,big,2,3,0
127,Upstream,2007,spring,nylon,big,2,3,0
127,Upstream,2007,spring,nylon,big,2,3,0
127,Upstream,2007,spring,nylon,big,2,3,0
128,Upstream,2007,summer,nylon,big,2,1,0
128,Upstream,2007,summer,nylon,big,2,1,3492
129,Upstream,2007,summer,nylon,big,2,3,7381
130,Upstream,2007,spring,nylon,big,2,3,0
130,Upstream,2007,spring,nylon,big,2,3,0
130,Upstream,2007,spring,nylon,big,2,3,0
131,Upstream,2007,spring,nylon,big,2,3,0
131,Upstream,2007,spring,nylon,big,2,3,0
133,Upstream,2007,spring,nylon,big,2,3,0
133,Upstream,2007,spring,nylon,big,2,3,0
134,Upstream,2006,summer,capron,small,2,3,0
134,Upstream,2006,summer,nylon,big,2,3,0
134,Upstream,2006,summer,nylon,big,2,3,0
134,Upstream,2006,summer,nylon,big,2,3,0
134,Upstream,2006,summer,nylon,big,2,3,0
135,Upstream,2006,summer,capron,small,1,3,0
135,Upstream,2006,summer,capron,small,1,3,0
135,Upstream,2006,summer,capron,small,2,3,165
135,Upstream,2006,summer,capron,small,2,3,0
135,Upstream,2006,summer,capron,small,2,3,0
135,Upstream,2006,summer,capron,small,2,3,0
135,Upstream,2006,summer,nylon,big,2,3,0
135,Upstream,2006,summer,nylon,big,2,3,0
136,Downstream,2006,summer,capron,small,2,3,30
136,Downstream,2006,summer,capron,small,2,3,0
136,Downstream,2006,summer,capron,small,2,3,0
136,Downstream,2006,summer,capron,small,2,3,0
136,Downstream,2006,summer,capron,small,2,3,0
136,Downstream,2006,summer,capron,small,2,3,183
136,Downstream,2006,summer,nylon,big,2,3,0
136,Downstream,2006,summer,nylon,big,2,3,0
136,Downstream,2006,summer,capron,big,2,3,0
136,Downstream,2006,summer,nylon,big,2,3,429
136,Downstream,2006,summer,capron,big,2,3,0
136,Downstream,2006,summer,nylon,big,2,3,0
138,Upstream,2005,spring,nylon,big,2,1,6713
138,Upstream,2005,spring,nylon,big,2,1,0
138,Upstream,2005,spring,nylon,big,2,1,905
139,Upstream,2005,spring,nylon,big,2,3,0
139,Upstream,2005,spring,nylon,big,2,3,303
139,Upstream,2005,spring,nylon,big,2,3,0
139,Upstream,2005,spring,nylon,big,2,3,0
140,Upstream,2005,spring,nylon,big,4,1,7897
141,Upstream,2005,spring,nylon,big,4,1,4496
142,Upstream,2005,summer,capron,small,2,3,1112
142,Upstream,2005,summer,nylon,big,2,3,0
142,Upstream,2005,summer,nylon,big,2,3,1905
143,Middle,2005,summer,nylon,big,2,3,2902
143,Middle,2005,summer,nylon,big,2,3,210
143,Middle,2005,summer,nylon,big,2,3,0
143,Middle,2005,summer,nylon,big,2,3,0
143,Middle,2005,summer,nylon,big,3,3,6727
145,Upstream,2004,spring,capron,small,1,1,0
145,Upstream,2004,spring,capron,small,1,1,0
145,Upstream,2004,spring,nylon,big,2,1,872
146,Upstream,2004,spring,capron,small,2,1,0
146,Upstream,2004,spring,nylon,big,2,1,0
146,Upstream,2004,spring,nylon,big,2,1,0
146,Upstream,2004,spring,nylon,big,2,1,1588
147,Upstream,2004,spring,nylon,big,2,1,1370
147,Upstream,2004,spring,nylon,big,2,1,5863
147,Upstream,2004,spring,nylon,big,4,1,16479
148,Upstream,2004,spring,nylon,big,2,1,0
148,Upstream,2004,spring,nylon,big,2,1,3119
149,Upstream,2004,summer,nylon,big,2,1,0
149,Upstream,2004,summer,nylon,big,2,1,0
149,Upstream,2004,summer,nylon,big,2,1,0
149,Upstream,2004,summer,nylon,big,2,1,0
149,Upstream,2004,summer,nylon,big,2,1,3492
151,Upstream,2004,summer,nylon,big,3,3,7135
151,Upstream,2004,summer,nylon,big,4,3,246
152,Upstream,2004,summer,capron,small,1,1,0
152,Upstream,2004,summer,capron,small,1,1,30
152,Upstream,2004,summer,capron,small,1,1,0
152,Upstream,2004,summer,nylon,small,1,1,0
152,Upstream,2004,summer,capron,small,1,1,0
152,Upstream,2004,summer,capron,big,2,1,0
152,Upstream,2004,summer,capron,big,2,1,0
153,Upstream,2004,summer,nylon,big,2,1,0
153,Upstream,2004,summer,nylon,big,2,1,0
153,Upstream,2004,summer,nylon,big,2,1,0
153,Upstream,2004,summer,nylon,big,2,1,0
154,Upstream,2004,fall,nylon,big,2,3,0
154,Upstream,2004,fall,nylon,big,2,3,912
154,Upstream,2004,fall,nylon,big,4,3,230
155,Upstream,2004,fall,nylon,small,2,3,0
155,Upstream,2004,fall,nylon,big,2,3,1028
155,Upstream,2004,fall,nylon,big,2,3,1462
155,Upstream,2004,fall,nylon,big,2,3,0
155,Upstream,2004,fall,capron,small,2,3,93
156,Upstream,2003,spring,nylon,big,2,1,4290
156,Upstream,2003,spring,nylon,big,2,1,13064
156,Upstream,2003,spring,nylon,big,2,1,9225
156,Upstream,2003,spring,nylon,big,2,1,16841
157,Upstream,2003,spring,nylon,big,2,3,610
157,Upstream,2003,spring,nylon,big,2,3,0
157,Upstream,2003,spring,nylon,big,2,3,3483
157,Upstream,2003,spring,nylon,big,2,3,0
157,Upstream,2003,spring,nylon,big,2,3,1366
158,Upstream,2003,spring,nylon,big,4,1,50072
159,Upstream,2003,spring,nylon,big,4,1,97636
161,Upstream,2003,summer,nylon,big,2,3,0
161,Upstream,2003,summer,nylon,big,2,3,0
161,Upstream,2003,summer,nylon,big,2,3,0
162,Upstream,2003,summer,nylon,big,2,3,0
162,Upstream,2003,summer,nylon,big,2,3,0
162,Upstream,2003,summer,nylon,big,2,3,0
162,Upstream,2003,summer,nylon,big,2,3,0
163,Upstream,2003,summer,capron,small,2,3,50
163,Upstream,2003,summer,capron,small,1,3,68
163,Upstream,2003,summer,capron,small,1,3,0
163,Upstream,2003,summer,capron,small,1,3,120
163,Upstream,2003,summer,nylon,small,2,3,538
163,Upstream,2003,summer,nylon,big,2,3,286
163,Upstream,2003,summer,nylon,big,2,3,0
163,Upstream,2003,summer,nylon,big,2,3,2240
164,Upstream,2003,fall,capron,small,1,3,0
164,Upstream,2003,fall,nylon,big,2,3,260
164,Upstream,2003,fall,nylon,big,2,3,513
164,Upstream,2003,fall,nylon,big,2,3,0
164,Upstream,2003,fall,nylon,big,2,3,0
164,Upstream,2003,fall,nylon,big,2,3,0
165,Upstream,2003,fall,nylon,big,2,3,2494
165,Upstream,2003,fall,nylon,big,2,3,0
167,Upstream,2002,spring,nylon,big,4,3,567
167,Upstream,2002,spring,nylon,big,4,3,6819
168,Upstream,2002,spring,nylon,big,5,1,0
169,Upstream,2002,spring,nylon,big,2,1,27650
169,Upstream,2002,spring,nylon,big,3,1,3557
169,Upstream,2002,spring,nylon,big,3,1,4529
170,Upstream,2002,spring,nylon,big,2,3,3120
170,Upstream,2002,spring,nylon,big,3,3,13195
170,Upstream,2002,spring,nylon,big,3,3,471
171,Upstream,2002,spring,nylon,big,2,3,717
171,Upstream,2002,spring,nylon,big,3,3,0
171,Upstream,2002,spring,nylon,big,4,3,960
172,Upstream,2002,spring,nylon,big,2,1,8400
172,Upstream,2002,spring,nylon,big,3,1,20758
172,Upstream,2002,spring,nylon,big,4,1,320
174,Upstream,2002,fall,capron,small,2,3,64
174,Upstream,2002,fall,nylon,big,2,3,161
174,Upstream,2002,fall,nylon,big,2,3,523
175,Upstream,2002,fall,capron,small,2,3,736.3
175,Upstream,2002,fall,capron,small,2,3,524
175,Upstream,2002,fall,nylon,big,2,3,0
175,Upstream,2002,fall,nylon,big,2,3,3610
176,Upstream,2001,summer,nylon,big,3,3,804
176,Upstream,2001,summer,nylon,big,2,3,0
176,Upstream,2001,summer,nylon,big,2,3,0
176,Upstream,2001,summer,nylon,big,3,3,0
177,Upstream,2001,summer,nylon,big,3,1,0
178,Upstream,2001,fall,capron,small,2,3,122
178,Upstream,2001,fall,nylon,big,2,3,282
178,Upstream,2001,fall,nylon,big,2,3,2184
181,Upstream,2000,spring,capron,small,2,3,0
181,Upstream,2000,spring,nylon,big,2,3,0
181,Upstream,2000,spring,nylon,big,2,3,3117
182,Upstream,2000,spring,capron,small,2,3,0
182,Upstream,2000,spring,capron,small,2,3,58
182,Upstream,2000,spring,capron,small,2,3,178
182,Upstream,2000,spring,nylon,big,2,3,1130
182,Upstream,2000,spring,nylon,big,2,3,5118
182,Upstream,2000,spring,nylon,big,2,3,1633
183,Upstream,2000,spring,capron,small,2,3,0
183,Upstream,2000,spring,nylon,big,2,3,0
183,Upstream,2000,spring,nylon,big,2,3,0
183,Upstream,2000,spring,nylon,big,2,3,0
183,Upstream,2000,spring,nylon,big,2,1,0
184,Upstream,2000,spring,capron,big,4,3,38348
185,Upstream,2000,spring,other,big,3,1,49262
186,Upstream,2000,spring,nylon,big,2,1,0
186,Upstream,2000,spring,nylon,big,4,1,0
187,Upstream,2000,fall,nylon,big,2,3,3877
187,Upstream,2000,fall,nylon,big,2,3,5490
187,Upstream,2000,fall,nylon,big,2,3,6225
187,Upstream,2000,fall,nylon,big,2,3,0
187,Upstream,2000,fall,nylon,big,2,3,3374
187,Upstream,2000,fall,nylon,big,2,3,3337
187,Upstream,2000,fall,nylon,big,2,3,831
188,Upstream,2000,fall,nylon,big,3,3,12315
190,Upstream,2000,fall,capron,small,2,3,699
190,Upstream,2000,fall,nylon,big,2,3,886
190,Upstream,2000,fall,nylon,big,2,3,3502
190,Upstream,2000,fall,nylon,big,2,3,0
191,Middle,1999,spring,nylon,big,2,1,0
191,Middle,1999,spring,nylon,big,2,1,0
193,Upstream,1999,spring,nylon,big,2,3,285
193,Upstream,1999,spring,nylon,big,2,3,0
193,Upstream,1999,spring,nylon,big,2,3,0
193,Upstream,1999,spring,nylon,big,3,3,3340
193,Upstream,1999,spring,nylon,big,2,3,0
194,Upstream,1999,spring,nylon,big,3,3,1000
195,Upstream,1999,spring,nylon,big,2,3,0
195,Upstream,1999,spring,nylon,big,2,3,1208
195,Upstream,1999,spring,nylon,big,3,3,3582
196,Upstream,1999,spring,nylon,big,2,3,5858
196,Upstream,1999,spring,nylon,big,4,3,0
196,Upstream,1999,spring,nylon,big,3,3,6415
197,Upstream,1999,spring,capron,small,2,2,0
197,Upstream,1999,spring,nylon,big,2,2,0
197,Upstream,1999,spring,nylon,big,2,2,2612
198,Upstream,1999,spring,nylon,small,2,1,0
198,Upstream,1999,spring,nylon,big,2,1,2553
198,Upstream,1999,spring,nylon,big,2,1,22073
198,Upstream,1999,spring,nylon,big,3,1,39854
199,Upstream,1999,spring,nylon,big,2,1,0
199,Upstream,1999,spring,nylon,big,3,1,0
199,Upstream,1999,spring,nylon,big,2,1,881
200,Upstream,1999,spring,nylon,big,2,3,0
200,Upstream,1999,spring,nylon,big,2,3,16134
200,Upstream,1999,spring,nylon,big,3,3,4266
202,Upstream,1999,summer,nylon,big,2,3,0
202,Upstream,1999,summer,nylon,big,2,3,0
202,Upstream,1999,summer,nylon,big,2,3,0
202,Upstream,1999,summer,nylon,big,2,3,0
202,Upstream,1999,summer,nylon,big,3,3,0
203,Upstream,1999,summer,capron,full,4,1,0
204,Upstream,1999,fall,nylon,big,3,3,3779
205,Upstream,1999,spring,capron,small,3,3,240
205,Upstream,1999,spring,nylon,big,2,3,5580
206,Upstream,1999,spring,capron,small,2,1,0
206,Upstream,1999,spring,nylon,big,2,1,966
206,Upstream,1999,spring,nylon,big,2,1,1885
206,Upstream,1999,spring,nylon,big,3,1,20630
208,Upstream,1998,spring,nylon,big,2,2,2084
208,Upstream,1998,spring,nylon,big,2,2,0
208,Upstream,1998,spring,nylon,big,2,2,9953
208,Upstream,1998,spring,nylon,big,3,2,21072
209,Upstream,1997,summer,capron,small,2,3,0
209,Upstream,1997,summer,nylon,big,2,3,0
209,Upstream,1997,summer,nylon,big,2,3,776
209,Upstream,1997,summer,nylon,small,3,3,343
210,Upstream,1997,summer,capron,small,2,1,0
210,Upstream,1997,summer,capron,small,2,1,0
211,Upstream,1994,spring,nylon,big,4,3,46400
212,Upstream,1994,summer,nylon,big,3,3,13935
214,Upstream,1994,summer,nylon,big,2,3,17960
214,Upstream,1994,summer,capron,big,2,3,8705
215,Upstream,1994,fall,other,big,4,3,9820
216,Upstream,1994,fall,other,big,4,3,7520
217,Upstream,1993,summer,nylon,big,2,3,2330
217,Upstream,1993,summer,nylon,big,3,3,30275
217,Upstream,1993,summer,nylon,big,2,3,5480
218,Upstream,1997,spring,nylon,big,4,1,18800
220,Upstream,1997,spring,nylon,big,4,1,13315
221,Upstream,1997,spring,nylon,big,4,1,85031
222,Upstream,1997,spring,nylon,big,4,1,18896
223,Upstream,1997,summer,nylon,big,4,3,7193
224,Upstream,1997,summer,nylon,big,4,3,1147
225,Upstream,1996,fall,nylon,big,4,3,22644
226,Upstream,1996,fall,capron,small,1,1,0
226,Upstream,1996,fall,capron,small,1,1,0
226,Upstream,1996,fall,capron,small,1,1,0
226,Upstream,1996,fall,capron,small,2,1,0
227,Upstream,1996,spring,nylon,big,5,2,28465
228,Upstream,1996,spring,nylon,big,5,1,12490
229,Upstream,1996,spring,nylon,big,5,3,38760
231,Upstream,1996,spring,nylon,big,5,3,13890
232,Upstream,1996,spring,nylon,big,5,2,8985
233,Upstream,1996,spring,nylon,big,5,3,19175
234,Upstream,1996,summer,nylon,big,5,1,16935
234,Upstream,1996,summer,nylon,big,5,2,20685
235,Upstream,1996,summer,nylon,big,5,3,19110
236,Upstream,1996,summer,nylon,big,4,3,540
237,Upstream,1996,summer,nylon,big,4,3,18455
238,Upstream,1996,summer,nylon,big,4,3,0
239,Upstream,1996,summer,nylon,big,4,3,5490
240,Upstream,1996,summer,nylon,full,4,3,0
242,Upstream,1996,summer,nylon,full,4,3,0
243,Upstream,1996,summer,nylon,full,4,3,4130
244,Upstream,1996,fall,nylon,big,4,3,130933
245,Upstream,1995,spring,nylon,big,4,1,42135
246,Upstream,1995,spring,nylon,big,4,1,7726
247,Upstream,1995,spring,nylon,big,4,1,22505
248,Upstream,1995,spring,nylon,big,4,1,150
249,Upstream,1995,spring,nylon,big,4,1,32755
250,Upstream,1995,spring,nylon,big,4,1,12840
251,Upstream,1995,spring,nylon,big,4,1,3110
253,Upstream,1995,spring,nylon,big,3,1,8240
254,Upstream,1995,spring,capron,big,3,1,7825
255,Upstream,1995,spring,capron,big,3,1,11495
256,Upstream,1995,summer,nylon,small,4,3,85
256,Upstream,1995,summer,nylon,big,3,3,4275
257,Upstream,1995,summer,capron,big,3,3,11830
258,Upstream,1995,summer,capron,big,3,3,0
259,Upstream,1995,summer,nylon,big,3,1,4170
260,NA,1995,summer,capron,small,4,3,0
261,Upstream,1995,summer,capron,small,4,2,0
261,Upstream,1995,summer,nylon,big,2,3,4780
262,Upstream,1995,summer,capron,small,2,1,0
262,Upstream,1995,summer,nylon,big,3,1,1090
264,Upstream,1995,summer,nylon,big,2,3,24890
265,NA,1995,fall,nylon,big,2,3,33410
266,Upstream,1995,fall,nylon,big,3,3,38590
267,Upstream,1995,fall,nylon,big,3,3,30900
268,Upstream,1995,fall,nylon,big,4,3,1890
268,Upstream,1995,fall,capron,big,4,1,0
269,Upstream,1995,fall,nylon,big,4,3,2395
270,Upstream,1995,fall,nylon,big,4,3,7845
271,Upstream,1995,spring,capron,big,4,1,12545
272,Upstream,1995,spring,capron,big,3,1,6015
273,Upstream,1995,spring,capron,big,4,1,22845
275,Upstream,1993,spring,nylon,big,2,1,0
275,Upstream,1993,spring,nylon,big,4,2,0
275,Upstream,1993,spring,nylon,big,2,1,0
276,Upstream,1993,spring,nylon,big,3,1,0
277,Upstream,1993,spring,nylon,big,3,1,0
277,Upstream,1993,spring,nylon,big,3,1,16445
278,Upstream,1993,spring,capron,big,3,1,0
279,Upstream,1993,spring,capron,big,2,1,0
279,Upstream,1993,spring,capron,big,2,1,0
279,Upstream,1993,spring,nylon,big,2,1,57610
280,Upstream,1993,spring,nylon,big,2,1,48260
280,Upstream,1993,spring,capron,small,2,1,1450
281,Upstream,1993,spring,nylon,big,3,1,38675
282,Upstream,1993,spring,capron,small,2,1,20
283,Upstream,1993,spring,capron,big,2,1,26493
284,Upstream,1993,spring,capron,big,2,1,7905
285,Upstream,1993,summer,nylon,big,4,3,570
286,Upstream,1993,summer,nylon,big,2,3,10360
287,Upstream,1993,summer,nylon,big,2,3,38855
288,Upstream,1993,summer,nylon,big,2,3,22845
289,Upstream,1993,summer,capron,big,2,3,11105
290,Upstream,1993,summer,nylon,big,3,3,11855
291,Upstream,1993,summer,capron,big,2,3,9785
291,Upstream,1993,summer,capron,small,2,1,0
292,Upstream,1994,fall,other,big,4,3,9725
293,Upstream,1994,fall,other,big,4,3,3215
293,Upstream,1994,fall,other,big,4,3,2165
294,NA,1994,fall,other,big,4,3,5400
299,Upstream,1991,spring,capron,big,3,1,21808
300,Upstream,1991,spring,capron,big,3,1,21574
301,Upstream,1991,spring,capron,big,3,1,139208
302,Upstream,1991,spring,capron,big,2,1,67292
303,Upstream,1991,spring,capron,big,2,1,116787
304,Upstream,1991,summer,capron,small,2,3,154
304,Upstream,1991,summer,capron,big,2,3,19809
304,Upstream,1991,summer,nylon,big,2,3,28360
305,Upstream,1991,summer,capron,small,2,3,480
305,Upstream,1991,summer,capron,big,2,3,57676
306,Upstream,1991,summer,capron,big,2,3,16870
307,Upstream,1991,summer,nylon,big,3,3,0
308,Middle,1991,summer,capron,big,3,3,8119
309,Upstream,1991,summer,nylon,big,4,1,12194
310,Upstream,1991,fall,capron,big,4,3,11010
312,Upstream,1991,fall,capron,big,4,3,570
313,Upstream,1991,fall,capron,big,4,3,36024
314,Upstream,1991,fall,capron,big,2,3,0
314,Upstream,1991,fall,capron,big,3,3,127025
315,Upstream,1992,spring,capron,big,2,1,0
316,Upstream,1992,spring,capron,big,3,1,5860
317,Upstream,1992,spring,nylon,big,4,1,0
317,Upstream,1992,spring,capron,big,3,1,0
318,Upstream,1992,spring,nylon,big,3,1,6463
319,Upstream,1992,spring,nylon,big,3,1,28374
319,Upstream,1992,spring,capron,small,3,1,0
320,Upstream,1992,spring,nylon,big,4,1,13050
321,Upstream,1992,spring,nylon,big,4,1,23386
323,Upstream,1992,spring,nylon,big,4,1,0
324,Upstream,1992,summer,nylon,big,3,3,0
325,Upstream,1992,summer,nylon,big,3,3,4995
326,Upstream,1992,summer,capron,big,4,3,42
327,Upstream,1992,summer,capron,big,4,3,1111.2
328,Upstream,1992,summer,capron,big,3,3,0
328,Upstream,1992,summer,capron,big,4,3,0
329,Upstream,1992,summer,capron,full,3,3,0
329,Upstream,1992,summer,capron,full,2,3,0
330,Upstream,1992,summer,nylon,big,2,3,34748
330,Upstream,1992,summer,nylon,big,3,3,25305
330,Upstream,1992,summer,capron,small,2,3,5165
331,Upstream,1992,fall,nylon,big,3,3,4895
332,Upstream,1992,fall,capron,small,2,2,0
333,Upstream,1992,fall,capron,big,3,3,1385
333,Upstream,1992,fall,capron,small,2,2,0
334,Upstream,1992,fall,capron,big,3,3,24410
335,Upstream,1992,fall,capron,big,4,3,6470
336,Upstream,1992,fall,nylon,big,2,3,0
336,Upstream,1992,fall,capron,big,2,3,0
337,Upstream,1992,fall,nylon,big,2,3,805
337,Upstream,1992,fall,nylon,big,2,3,2355
337,Upstream,1992,fall,capron,big,2,3,0
338,Upstream,1992,fall,nylon,big,3,3,2149
338,Upstream,1992,fall,nylon,big,3,3,0
339,Upstream,1993,summer,nylon,big,3,3,0
341,Upstream,1993,summer,capron,big,2,3,0
342,Upstream,1993,summer,nylon,big,3,3,0
343,Upstream,1993,fall,capron,full,3,1,0
343,Upstream,1993,fall,capron,big,3,3,0
344,Upstream,1993,fall,capron,small,2,3,0
344,Upstream,1993,fall,capron,full,3,3,0
345,Upstream,1994,spring,nylon,big,2,1,0
345,Upstream,1994,spring,nylon,big,2,1,0
346,Upstream,1994,spring,nylon,big,2,1,0
347,Upstream,1994,spring,capron,small,2,1,0
348,Upstream,1994,spring,capron,big,4,1,0
349,Upstream,1994,spring,capron,big,3,1,0
350,Upstream,1994,spring,nylon,full,3,1,0
352,Upstream,1994,summer,capron,big,4,3,0
352,Upstream,1994,summer,capron,small,3,1,0
353,Upstream,1994,summer,nylon,big,3,3,0
354,Upstream,1994,summer,capron,small,2,3,0
354,Upstream,1994,summer,capron,big,2,3,0
354,Upstream,1994,summer,capron,small,2,1,0
354,Upstream,1994,summer,nylon,big,3,3,0
355,Upstream,1994,summer,capron,small,2,3,0
355,Upstream,1994,summer,nylon,big,2,3,0
356,Upstream,1994,summer,nylon,big,2,3,0
357,Upstream,1994,fall,nylon,big,4,3,0
358,Upstream,1994,fall,nylon,big,4,3,0
358,Upstream,1994,fall,nylon,small,3,1,0
359,Upstream,1994,fall,capron,big,4,3,2110
437,Middle,2018,fall,capron,small,1,3,0
437,Middle,2018,fall,capron,small,1,3,0
437,Middle,2018,fall,capron,small,1,3,0
437,Middle,2018,fall,capron,small,1,3,0
437,Middle,2018,fall,capron,small,1,3,0
437,Middle,2018,fall,capron,small,1,3,0
437,Middle,2018,fall,capron,small,2,3,0
437,Middle,2018,fall,capron,big,2,3,0
437,Middle,2018,fall,capron,big,2,3,0
437,Middle,2018,fall,capron,big,2,3,991
437,Middle,2018,fall,capron,big,2,3,6503
438,Middle,2018,fall,nylon,big,2,3,173
438,Middle,2018,fall,nylon,big,2,3,522
438,Middle,2018,fall,nylon,big,2,3,0
438,Middle,2018,fall,nylon,big,2,3,0
438,Middle,2018,fall,nylon,big,2,3,9282
445,Middle,2018,fall,capron,small,1,3,0
445,Middle,2018,fall,capron,small,1,3,0
445,Middle,2018,fall,capron,small,1,3,0
445,Middle,2018,fall,capron,small,1,3,0
445,Middle,2018,fall,capron,small,1,3,0
445,Middle,2018,fall,capron,small,1,3,0
445,Middle,2018,fall,capron,small,2,3,0
445,Middle,2018,fall,capron,big,2,3,1037
445,Middle,2018,fall,capron,big,2,3,859
445,Middle,2018,fall,capron,big,2,3,0
445,Middle,2018,fall,capron,big,2,3,1961
459,Middle,2018,fall,capron,small,1,3,0
459,Middle,2018,fall,capron,small,1,3,0
459,Middle,2018,fall,capron,small,1,3,0
459,Middle,2018,fall,capron,small,1,3,0
459,Middle,2018,fall,capron,small,1,3,0
459,Middle,2018,fall,capron,small,1,3,0
459,Middle,2018,fall,capron,small,2,3,0
459,Middle,2018,fall,capron,big,2,3,0
459,Middle,2018,fall,capron,big,2,3,0
459,Middle,2018,fall,capron,big,2,3,0
459,Middle,2018,fall,capron,big,2,3,0
460,Middle,2018,fall,nylon,big,2,3,0
460,Middle,2018,fall,nylon,big,2,3,0
460,Middle,2018,fall,nylon,big,2,3,0
460,Middle,2018,fall,nylon,big,2,3,0
460,Middle,2018,fall,nylon,big,2,3,1751
466,Middle,2018,fall,capron,small,1,3,12
466,Middle,2018,fall,capron,small,1,3,63
466,Middle,2018,fall,capron,small,1,3,0
466,Middle,2018,fall,capron,small,1,3,0
466,Middle,2018,fall,capron,small,1,3,0
466,Middle,2018,fall,capron,small,1,3,0
466,Middle,2018,fall,capron,small,2,3,0
466,Middle,2018,fall,capron,big,2,3,392
466,Middle,2018,fall,capron,big,2,3,0
466,Middle,2018,fall,capron,big,2,3,0
466,Middle,2018,fall,capron,big,2,3,1248
408,Upstream,2019,spring,nylon,big,2,1,0
408,Upstream,2019,spring,nylon,big,2,1,0
408,Upstream,2019,spring,nylon,big,2,1,0
408,Upstream,2019,spring,nylon,big,2,1,0
409,Upstream,2019,spring,nylon,big,2,1,0
409,Upstream,2019,spring,nylon,big,2,1,0
409,Upstream,2019,spring,nylon,big,2,1,0
409,Upstream,2019,spring,nylon,big,2,1,0
421,Upstream,2019,spring,nylon,big,2,1,0
421,Upstream,2019,spring,nylon,big,2,1,0
421,Upstream,2019,spring,nylon,big,2,1,0
421,Upstream,2019,spring,nylon,big,2,1,0
421,Upstream,2019,spring,nylon,big,2,1,0
422,Upstream,2019,spring,nylon,big,2,1,0
422,Upstream,2019,spring,nylon,big,2,1,0
422,Upstream,2019,spring,nylon,big,2,1,0
422,Upstream,2019,spring,nylon,big,2,1,0
422,Upstream,2019,spring,nylon,big,2,1,0
410,Upstream,2019,spring,nylon,big,2,1,0
410,Upstream,2019,spring,nylon,big,2,1,0
410,Upstream,2019,spring,nylon,big,2,1,0
410,Upstream,2019,spring,nylon,big,2,1,0
439,Middle,2019,spring,nylon,big,2,1,0
439,Middle,2019,spring,nylon,big,2,1,0
439,Middle,2019,spring,nylon,big,2,1,0
439,Middle,2019,spring,nylon,big,2,1,0
439,Middle,2019,spring,nylon,big,2,1,0
446,Middle,2019,spring,nylon,big,2,1,0
446,Middle,2019,spring,nylon,big,2,1,0
446,Middle,2019,spring,nylon,big,2,1,0
446,Middle,2019,spring,nylon,big,2,1,0
470,Middle,2019,spring,nylon,big,2,1,0
470,Middle,2019,spring,nylon,big,2,1,0
470,Middle,2019,spring,nylon,big,2,1,0
470,Middle,2019,spring,nylon,big,2,1,0
480,Upstream,2019,spring,nylon,big,2,1,0
480,Upstream,2019,spring,nylon,big,2,1,0
480,Upstream,2019,spring,nylon,big,2,1,0
480,Upstream,2019,spring,nylon,big,2,1,0
480,Upstream,2019,spring,nylon,big,2,1,0
411,Upstream,2019,spring,nylon,big,3,1,200
423,Upstream,2019,spring,nylon,big,2,1,0
423,Upstream,2019,spring,nylon,big,2,1,1789
423,Upstream,2019,spring,nylon,big,2,1,0
423,Upstream,2019,spring,nylon,big,2,1,7624
424,Upstream,2019,spring,nylon,big,2,1,4476
424,Upstream,2019,spring,nylon,big,2,1,12528
424,Upstream,2019,spring,nylon,big,2,1,0
424,Upstream,2019,spring,nylon,big,2,1,7771
425,Upstream,2019,spring,nylon,big,2,1,1649
471,Middle,2019,spring,nylon,big,2,1,0
471,Middle,2019,spring,nylon,big,2,1,0
471,Middle,2019,spring,nylon,big,2,1,0
412,Upstream,2019,summer,nylon,big,2,1,800
412,Upstream,2019,summer,nylon,big,2,1,0
413,Upstream,2019,summer,nylon,big,3,1,0
440,Middle,2019,summer,capron,small,1,3,0
440,Middle,2019,summer,capron,small,1,3,26
440,Middle,2019,summer,capron,small,1,3,71
440,Middle,2019,summer,capron,small,1,3,40
440,Middle,2019,summer,capron,small,1,3,0
440,Middle,2019,summer,capron,small,1,3,0
440,Middle,2019,summer,capron,small,2,3,432
440,Middle,2019,summer,capron,big,2,3,0
440,Middle,2019,summer,capron,big,2,3,0
440,Middle,2019,summer,capron,big,2,3,3103
440,Middle,2019,summer,capron,big,2,3,1070
447,Middle,2019,summer,capron,small,1,3,0
447,Middle,2019,summer,capron,small,1,3,26
447,Middle,2019,summer,capron,small,1,3,56
447,Middle,2019,summer,capron,small,1,3,36
447,Middle,2019,summer,capron,small,1,3,0
447,Middle,2019,summer,capron,small,1,3,0
447,Middle,2019,summer,capron,small,2,3,233
447,Middle,2019,summer,capron,big,2,3,0
447,Middle,2019,summer,capron,big,2,3,0
447,Middle,2019,summer,capron,big,2,3,0
447,Middle,2019,summer,capron,big,2,3,2449
450,Middle,2019,summer,capron,small,1,3,0
450,Middle,2019,summer,capron,small,1,3,0
450,Middle,2019,summer,capron,small,1,3,0
450,Middle,2019,summer,capron,small,1,3,0
450,Middle,2019,summer,capron,small,1,3,0
450,Middle,2019,summer,capron,small,1,3,0
450,Middle,2019,summer,capron,small,2,3,0
450,Middle,2019,summer,capron,big,2,3,0
450,Middle,2019,summer,capron,big,2,3,1349
450,Middle,2019,summer,capron,big,2,3,2759
450,Middle,2019,summer,capron,big,2,3,3508
461,Middle,2019,summer,capron,small,1,3,0
461,Middle,2019,summer,capron,small,1,3,326
461,Middle,2019,summer,capron,small,1,3,0
461,Middle,2019,summer,capron,small,1,3,195
461,Middle,2019,summer,capron,small,1,3,0
461,Middle,2019,summer,capron,small,1,3,0
461,Middle,2019,summer,capron,small,2,3,0
461,Middle,2019,summer,capron,big,2,3,0
461,Middle,2019,summer,capron,big,2,3,0
461,Middle,2019,summer,capron,big,2,3,806
461,Middle,2019,summer,capron,big,2,3,0
467,Middle,2019,summer,capron,small,1,3,23
467,Middle,2019,summer,capron,small,1,3,0
467,Middle,2019,summer,capron,small,1,3,0
467,Middle,2019,summer,capron,small,1,3,0
467,Middle,2019,summer,capron,small,1,3,0
467,Middle,2019,summer,capron,small,1,3,0
467,Middle,2019,summer,capron,small,2,3,0
467,Middle,2019,summer,capron,big,2,3,0
467,Middle,2019,summer,capron,big,2,3,0
467,Middle,2019,summer,capron,big,2,3,2557
467,Middle,2019,summer,capron,big,2,3,1106
472,Middle,2019,summer,capron,small,1,3,0
472,Middle,2019,summer,capron,small,1,3,53
472,Middle,2019,summer,capron,small,1,3,0
472,Middle,2019,summer,capron,small,1,3,0
472,Middle,2019,summer,capron,small,1,3,0
472,Middle,2019,summer,capron,small,1,3,0
472,Middle,2019,summer,capron,small,2,3,0
472,Middle,2019,summer,capron,big,2,3,0
472,Middle,2019,summer,capron,big,2,3,0
472,Middle,2019,summer,capron,big,2,3,1678
472,Middle,2019,summer,capron,big,2,3,0
451,Middle,2019,summer,nylon,big,2,3,749
451,Middle,2019,summer,nylon,big,2,3,1742
451,Middle,2019,summer,nylon,big,2,3,193
451,Middle,2019,summer,nylon,big,2,3,1474
451,Middle,2019,summer,nylon,big,2,3,7106
473,Middle,2019,summer,nylon,big,2,3,0
473,Middle,2019,summer,nylon,big,2,3,0
473,Middle,2019,summer,nylon,big,2,3,729
473,Middle,2019,summer,nylon,big,2,3,1691
473,Middle,2019,summer,nylon,big,2,3,0
452,Middle,2019,summer,nylon,big,2,3,0
452,Middle,2019,summer,nylon,big,2,3,0
452,Middle,2019,summer,nylon,big,2,3,683
452,Middle,2019,summer,nylon,big,2,3,3432
452,Middle,2019,summer,nylon,big,2,3,3645
453,Middle,2019,fall,capron,small,1,3,0
453,Middle,2019,fall,capron,small,1,3,76
453,Middle,2019,fall,capron,small,1,3,0
453,Middle,2019,fall,capron,small,1,3,0
453,Middle,2019,fall,capron,small,1,3,0
453,Middle,2019,fall,capron,small,1,3,0
453,Middle,2019,fall,capron,small,2,3,202
453,Middle,2019,fall,capron,big,2,3,473
453,Middle,2019,fall,capron,big,2,3,0
453,Middle,2019,fall,capron,big,2,3,0
453,Middle,2019,fall,capron,big,2,3,0
474,Middle,2019,fall,capron,small,1,3,0
474,Middle,2019,fall,capron,small,1,3,0
474,Middle,2019,fall,capron,small,1,3,0
474,Middle,2019,fall,capron,small,1,3,50
474,Middle,2019,fall,capron,small,1,3,0
474,Middle,2019,fall,capron,small,1,3,0
474,Middle,2019,fall,capron,small,2,3,0
474,Middle,2019,fall,capron,big,2,3,0
474,Middle,2019,fall,capron,big,2,3,0
474,Middle,2019,fall,capron,big,2,3,0
474,Middle,2019,fall,capron,big,2,3,0
414,Upstream,2020,spring,nylon,big,2,1,0
414,Upstream,2020,spring,nylon,big,2,1,0
414,Upstream,2020,spring,nylon,big,2,1,0
414,Upstream,2020,spring,nylon,big,2,1,0
419,Upstream,2020,spring,nylon,big,2,1,0
419,Upstream,2020,spring,nylon,big,2,1,0
419,Upstream,2020,spring,nylon,big,2,1,0
419,Upstream,2020,spring,nylon,big,2,1,0
420,Upstream,2020,spring,nylon,big,2,1,0
420,Upstream,2020,spring,nylon,big,2,1,0
420,Upstream,2020,spring,nylon,big,2,1,0
420,Upstream,2020,spring,nylon,big,2,1,0
420,Upstream,2020,spring,nylon,big,2,1,0
426,Upstream,2020,spring,nylon,big,2,1,0
426,Upstream,2020,spring,nylon,big,2,1,0
426,Upstream,2020,spring,nylon,big,2,1,0
426,Upstream,2020,spring,nylon,big,2,1,0
426,Upstream,2020,spring,nylon,big,2,1,0
415,Upstream,2020,spring,nylon,big,2,1,0
415,Upstream,2020,spring,nylon,big,2,1,289
415,Upstream,2020,spring,nylon,big,2,1,0
415,Upstream,2020,spring,nylon,big,2,1,2240
415,Upstream,2020,spring,nylon,big,2,1,0
427,Upstream,2020,spring,nylon,big,2,1,6390
427,Upstream,2020,spring,nylon,big,2,1,15735
475,Middle,2020,spring,nylon,big,2,1,0
475,Middle,2020,spring,nylon,big,3,1,1487
428,Upstream,2020,summer,nylon,big,2,1,0
428,Upstream,2020,summer,nylon,big,3,1,0
428,Upstream,2020,summer,nylon,big,3,1,0
429,Upstream,2020,summer,nylon,big,2,1,0
429,Upstream,2020,summer,nylon,big,3,1,1500
441,Middle,2020,summer,nylon,small,1,3,0
441,Middle,2020,summer,nylon,small,1,3,0
441,Middle,2020,summer,nylon,small,1,3,444
441,Middle,2020,summer,nylon,small,1,3,607
441,Middle,2020,summer,nylon,small,1,3,256
441,Middle,2020,summer,nylon,small,1,3,529
441,Middle,2020,summer,nylon,small,2,3,515
441,Middle,2020,summer,nylon,big,2,3,718
441,Middle,2020,summer,nylon,big,2,3,163
441,Middle,2020,summer,nylon,big,2,3,1575
441,Middle,2020,summer,nylon,big,2,3,10574
448,Middle,2020,summer,nylon,small,1,3,84
448,Middle,2020,summer,nylon,small,1,3,288
448,Middle,2020,summer,nylon,small,1,3,229
448,Middle,2020,summer,nylon,small,1,3,441
448,Middle,2020,summer,nylon,small,1,3,591
448,Middle,2020,summer,nylon,small,1,3,275
448,Middle,2020,summer,nylon,small,2,3,444
448,Middle,2020,summer,nylon,big,2,3,0
448,Middle,2020,summer,nylon,big,2,3,538
448,Middle,2020,summer,nylon,big,2,3,1710
448,Middle,2020,summer,nylon,big,2,3,2002
462,Middle,2020,summer,nylon,small,1,3,0
462,Middle,2020,summer,nylon,small,1,3,0
462,Middle,2020,summer,nylon,small,1,3,0
462,Middle,2020,summer,nylon,small,1,3,0
462,Middle,2020,summer,nylon,small,1,3,0
462,Middle,2020,summer,nylon,small,1,3,0
462,Middle,2020,summer,nylon,small,2,3,0
462,Middle,2020,summer,nylon,big,2,3,0
462,Middle,2020,summer,nylon,big,2,3,2047
462,Middle,2020,summer,nylon,big,2,3,0
462,Middle,2020,summer,nylon,big,2,3,2501
442,Middle,2020,summer,nylon,small,1,3,0
442,Middle,2020,summer,nylon,small,1,3,0
442,Middle,2020,summer,nylon,small,1,3,74
442,Middle,2020,summer,nylon,small,1,3,0
442,Middle,2020,summer,nylon,small,1,3,76
442,Middle,2020,summer,nylon,small,1,3,0
442,Middle,2020,summer,nylon,small,2,3,356
442,Middle,2020,summer,nylon,big,2,3,0
442,Middle,2020,summer,nylon,big,2,3,420
442,Middle,2020,summer,nylon,big,2,3,1281
442,Middle,2020,summer,nylon,big,2,3,839
454,Middle,2020,summer,nylon,big,2,3,2078
454,Middle,2020,summer,nylon,big,2,3,2871
454,Middle,2020,summer,nylon,big,2,3,5401
454,Middle,2020,summer,nylon,big,2,3,9336
463,Middle,2020,summer,nylon,small,1,3,0
463,Middle,2020,summer,nylon,small,1,3,0
463,Middle,2020,summer,nylon,small,1,3,123
463,Middle,2020,summer,nylon,small,1,3,0
463,Middle,2020,summer,nylon,small,1,3,372
463,Middle,2020,summer,nylon,small,1,3,0
463,Middle,2020,summer,nylon,small,2,3,0
463,Middle,2020,summer,nylon,big,2,3,1757
463,Middle,2020,summer,nylon,big,2,3,0
463,Middle,2020,summer,nylon,big,2,3,0
463,Middle,2020,summer,nylon,big,2,3,955
468,Middle,2020,summer,nylon,small,1,3,0
468,Middle,2020,summer,nylon,small,1,3,0
468,Middle,2020,summer,nylon,small,1,3,0
468,Middle,2020,summer,nylon,small,1,3,129
468,Middle,2020,summer,nylon,small,1,3,331
468,Middle,2020,summer,nylon,small,1,3,126
468,Middle,2020,summer,nylon,small,2,3,133
468,Middle,2020,summer,nylon,big,2,3,0
468,Middle,2020,summer,nylon,big,2,3,1956
468,Middle,2020,summer,nylon,big,2,3,2494
468,Middle,2020,summer,nylon,big,2,3,2646
476,Middle,2020,summer,nylon,big,2,3,0
476,Middle,2020,summer,nylon,big,2,3,0
476,Middle,2020,summer,nylon,big,2,3,0
476,Middle,2020,summer,nylon,big,2,3,2645
455,Middle,2020,fall,nylon,big,2,3,0
455,Middle,2020,fall,nylon,big,2,3,2354
455,Middle,2020,fall,nylon,big,2,3,2314
455,Middle,2020,fall,nylon,big,3,3,15077
477,Middle,2020,fall,nylon,big,2,3,487
477,Middle,2020,fall,nylon,big,2,3,1241
477,Middle,2020,fall,nylon,big,2,3,622
477,Middle,2020,fall,nylon,big,3,3,7893
479,Middle,2020,fall,nylon,big,2,3,1661
479,Middle,2020,fall,nylon,big,2,3,905
479,Middle,2020,fall,nylon,big,2,3,592
479,Middle,2020,fall,nylon,big,3,3,14205
416,Upstream,2021,spring,nylon,big,2,1,0
416,Upstream,2021,spring,nylon,big,2,1,0
416,Upstream,2021,spring,nylon,big,2,1,0
416,Upstream,2021,spring,nylon,big,2,1,0
430,Upstream,2021,spring,nylon,big,2,1,0
430,Upstream,2021,spring,nylon,big,2,1,0
430,Upstream,2021,spring,nylon,big,2,1,0
430,Upstream,2021,spring,nylon,big,2,1,0
430,Upstream,2021,spring,nylon,big,2,1,0
417,Upstream,2021,spring,nylon,big,2,1,0
417,Upstream,2021,spring,nylon,big,2,1,0
417,Upstream,2021,spring,nylon,big,2,1,0
417,Upstream,2021,spring,nylon,big,2,1,0
418,Upstream,2021,spring,nylon,big,2,1,0
418,Upstream,2021,spring,nylon,big,2,1,0
418,Upstream,2021,spring,nylon,big,2,1,1051
418,Upstream,2021,spring,nylon,big,2,1,0
457,Downstream,2021,spring,nylon,big,2,1,0
457,Downstream,2021,spring,nylon,big,2,1,0
457,Downstream,2021,spring,nylon,big,2,1,0
457,Downstream,2021,spring,nylon,big,2,1,0
457,Downstream,2021,spring,nylon,big,2,1,0
431,Upstream,2021,spring,nylon,big,2,1,5893
431,Upstream,2021,spring,nylon,big,2,1,28843
432,Upstream,2021,spring,nylon,big,2,1,3320
432,Upstream,2021,spring,nylon,big,3,1,4935
458,Downstream,2021,spring,nylon,big,2,1,0
458,Downstream,2021,spring,nylon,big,2,1,0
458,Downstream,2021,spring,nylon,big,2,1,0
458,Downstream,2021,spring,nylon,big,2,1,0
458,Downstream,2021,spring,nylon,big,2,1,0
433,Upstream,2021,summer,nylon,big,2,1,0
433,Upstream,2021,summer,nylon,big,3,1,4474
434,Upstream,2021,summer,nylon,big,2,1,0
434,Upstream,2021,summer,nylon,big,2,1,0
434,Upstream,2021,summer,nylon,big,2,1,1645
434,Upstream,2021,summer,nylon,big,3,1,3161
435,Upstream,2021,summer,nylon,big,2,1,0
435,Upstream,2021,summer,nylon,big,2,1,0
435,Upstream,2021,summer,nylon,big,2,1,0
435,Upstream,2021,summer,nylon,big,3,1,0
436,Upstream,2021,summer,nylon,big,2,1,0
436,Upstream,2021,summer,nylon,big,2,1,0
436,Upstream,2021,summer,nylon,big,2,1,0
436,Upstream,2021,summer,nylon,big,3,1,0
443,Middle,2021,summer,nylon,small,1,3,0
443,Middle,2021,summer,nylon,small,1,3,0
443,Middle,2021,summer,nylon,small,1,3,0
443,Middle,2021,summer,nylon,small,1,3,0
443,Middle,2021,summer,nylon,small,1,3,78
443,Middle,2021,summer,nylon,small,1,3,0
443,Middle,2021,summer,nylon,small,2,3,0
443,Middle,2021,summer,nylon,big,2,3,280
443,Middle,2021,summer,nylon,big,2,3,716
443,Middle,2021,summer,nylon,big,2,3,395
443,Middle,2021,summer,nylon,big,2,3,0
444,Middle,2021,summer,nylon,small,1,3,0
444,Middle,2021,summer,nylon,small,1,3,42
444,Middle,2021,summer,nylon,small,1,3,19
444,Middle,2021,summer,nylon,small,1,3,0
444,Middle,2021,summer,nylon,small,1,3,0
444,Middle,2021,summer,nylon,small,1,3,0
444,Middle,2021,summer,nylon,small,2,3,2297
444,Middle,2021,summer,nylon,big,2,3,1027
444,Middle,2021,summer,nylon,big,2,3,1130
444,Middle,2021,summer,nylon,big,2,3,0
444,Middle,2021,summer,nylon,big,2,3,0
449,Middle,2021,summer,nylon,small,1,3,0
449,Middle,2021,summer,nylon,small,1,3,0
449,Middle,2021,summer,nylon,small,1,3,166
449,Middle,2021,summer,nylon,small,1,3,0
449,Middle,2021,summer,nylon,small,1,3,0
449,Middle,2021,summer,nylon,small,1,3,0
449,Middle,2021,summer,nylon,small,2,3,581
449,Middle,2021,summer,nylon,big,2,3,487
449,Middle,2021,summer,nylon,big,2,3,0
449,Middle,2021,summer,nylon,big,2,3,2065
449,Middle,2021,summer,nylon,big,2,3,0
464,Middle,2021,summer,nylon,small,1,3,0
464,Middle,2021,summer,nylon,small,1,3,20
464,Middle,2021,summer,nylon,small,1,3,0
464,Middle,2021,summer,nylon,small,1,3,1146
464,Middle,2021,summer,nylon,small,1,3,314
464,Middle,2021,summer,nylon,small,1,3,0
464,Middle,2021,summer,nylon,small,2,3,0
464,Middle,2021,summer,nylon,big,2,3,0
464,Middle,2021,summer,nylon,big,2,3,718
464,Middle,2021,summer,nylon,big,2,3,972
464,Middle,2021,summer,nylon,big,2,3,0
465,Middle,2021,summer,nylon,small,1,3,0
465,Middle,2021,summer,nylon,small,1,3,0
465,Middle,2021,summer,nylon,small,1,3,0
465,Middle,2021,summer,nylon,small,1,3,0
465,Middle,2021,summer,nylon,small,1,3,0
465,Middle,2021,summer,nylon,small,1,3,0
465,Middle,2021,summer,nylon,small,2,3,0
465,Middle,2021,summer,nylon,big,2,3,0
465,Middle,2021,summer,nylon,big,2,3,2366
465,Middle,2021,summer,nylon,big,2,3,1475
465,Middle,2021,summer,nylon,big,2,3,1693
469,Middle,2021,summer,nylon,small,1,3,0
469,Middle,2021,summer,nylon,small,1,3,27
469,Middle,2021,summer,nylon,small,1,3,79
469,Middle,2021,summer,nylon,small,1,3,0
469,Middle,2021,summer,nylon,small,1,3,0
469,Middle,2021,summer,nylon,small,1,3,0
469,Middle,2021,summer,nylon,small,2,3,0
469,Middle,2021,summer,nylon,big,2,3,0
469,Middle,2021,summer,nylon,big,2,3,1626
469,Middle,2021,summer,nylon,big,2,3,2798
469,Middle,2021,summer,nylon,big,2,3,0
456,Middle,2021,summer,nylon,big,2,3,341
456,Middle,2021,summer,nylon,big,2,3,1442
456,Middle,2021,summer,nylon,big,2,3,5757
456,Middle,2021,summer,nylon,big,2,3,2126
456,Middle,2021,summer,nylon,big,2,3,9667
456,Middle,2021,summer,nylon,big,2,3,15325
478,Middle,2021,fall,nylon,big,2,3,0
478,Middle,2021,fall,nylon,big,2,3,2283
478,Middle,2021,fall,nylon,big,2,3,0
478,Middle,2021,fall,nylon,big,2,3,2228
478,Middle,2021,fall,nylon,big,2,3,0
478,Middle,2021,fall,nylon,big,2,3,1640
